Roll Number,Student Name,Department,Branch,Year,Sec,Email,Phone
20B81ACS11A01,Anita Singh,CSE,CSE-CORE,1,A,anita.singh10@bvc.edu.in,9828888699
20B81ACS11A02,Uday Sharma,CSE,CSE-CORE,1,A,uday.sharma43@bvc.edu.in,9829406754
20B81ACS11A03,Bhavya Kumar,CSE,CSE-CORE,1,A,bhavya.kumar60@bvc.edu.in,9400964020
20B81ACS11A04,Qasim Nair,CSE,CSE-CORE,1,A,qasim.nair8@bvc.edu.in,9723056048
20B81ACS11A05,Priya Naidu,CSE,CSE-CORE,1,A,priya.naidu40@bvc.edu.in,9560508307
20B81ACS11B01,Dinesh Murthy,CSE,CSE-CORE,1,B,dinesh.murthy65@bvc.edu.in,9799029859
20B81ACS11B02,Anita Patil,CSE,CSE-CORE,1,B,anita.patil83@bvc.edu.in,9112363647
20B81ACS11B03,Qasim Chowdary,CSE,CSE-CORE,1,B,qasim.chowdary66@bvc.edu.in,9490411909
20B81ACS11B04,Anita Murthy,CSE,CSE-CORE,1,B,anita.murthy19@bvc.edu.in,9768659196
20B81ACS11B05,Uday Rao,CSE,CSE-CORE,1,B,uday.rao61@bvc.edu.in,9427074634
20B81ACS11C01,Bhavya Goud,CSE,CSE-CORE,1,C,bhavya.goud63@bvc.edu.in,9764438055
20B81ACS11C02,Hari Naidu,CSE,CSE-CORE,1,C,hari.naidu96@bvc.edu.in,9621653180
20B81ACS11C03,Hari Sharma,CSE,CSE-CORE,1,C,hari.sharma31@bvc.edu.in,9882086826
20B81ACS11C04,Rahul Yadav,CSE,CSE-CORE,1,C,rahul.yadav1@bvc.edu.in,9203935138
20B81ACS11C05,Naveen Kumar,CSE,CSE-CORE,1,C,naveen.kumar72@bvc.edu.in,9436885970
20B81ACS12A01,Yasmin Naidu,CSE,CSE-CORE,2,A,yasmin.naidu66@bvc.edu.in,9410208051
20B81ACS12A02,Swathi Murthy,CSE,CSE-CORE,2,A,swathi.murthy41@bvc.edu.in,9297313976
20B81ACS12A03,Jaya Nair,CSE,CSE-CORE,2,A,jaya.nair80@bvc.edu.in,9633398427
20B81ACS12A04,Suresh Singh,CSE,CSE-CORE,2,A,suresh.singh50@bvc.edu.in,9917122301
20B81ACS12A05,Teja Chowdary,CSE,CSE-CORE,2,A,teja.chowdary82@bvc.edu.in,9719497165
20B81ACS12B01,Kiran Rao,CSE,CSE-CORE,2,B,kiran.rao58@bvc.edu.in,9657036368
20B81ACS12B02,Mahesh Das,CSE,CSE-CORE,2,B,mahesh.das92@bvc.edu.in,9941909016
20B81ACS12B03,Karthik Patil,CSE,CSE-CORE,2,B,karthik.patil71@bvc.edu.in,9844247989
20B81ACS12B04,Yasmin Chowdary,CSE,CSE-CORE,2,B,yasmin.chowdary19@bvc.edu.in,9821388964
20B81ACS12B05,Bhavya Yadav,CSE,CSE-CORE,2,B,bhavya.yadav40@bvc.edu.in,9543512133
20B81ACS12C01,Rahul Naidu,CSE,CSE-CORE,2,C,rahul.naidu8@bvc.edu.in,9114613466
20B81ACS12C02,Eshwar Naidu,CSE,CSE-CORE,2,C,eshwar.naidu78@bvc.edu.in,9162943476
20B81ACS12C03,Lakshmi Nair,CSE,CSE-CORE,2,C,lakshmi.nair70@bvc.edu.in,9756824383
20B81ACS12C04,Eshwar Murthy,CSE,CSE-CORE,2,C,eshwar.murthy8@bvc.edu.in,9185084490
20B81ACS12C05,Anita Nair,CSE,CSE-CORE,2,C,anita.nair79@bvc.edu.in,9261816606
20B81ACS13A01,Eshwar Goud,CSE,CSE-CORE,3,A,eshwar.goud65@bvc.edu.in,9237179442
20B81ACS13A02,Naveen Rao,CSE,CSE-CORE,3,A,naveen.rao19@bvc.edu.in,9494342769
20B81ACS13A03,Hari Rao,CSE,CSE-CORE,3,A,hari.rao45@bvc.edu.in,9471841754
20B81ACS13A04,Ravi Reddy,CSE,CSE-CORE,3,A,ravi.reddy62@bvc.edu.in,9574676118
20B81ACS13A05,Jaya Kumar,CSE,CSE-CORE,3,A,jaya.kumar64@bvc.edu.in,9189805892
20B81ACS13B01,Yasmin Yadav,CSE,CSE-CORE,3,B,yasmin.yadav53@bvc.edu.in,9148887132
20B81ACS13B02,Dinesh Reddy,CSE,CSE-CORE,3,B,dinesh.reddy79@bvc.edu.in,9193662081
20B81ACS13B03,Prashanth Yadav,CSE,CSE-CORE,3,B,prashanth.yadav79@bvc.edu.in,9678379833
20B81ACS13B04,Lakshmi Singh,CSE,CSE-CORE,3,B,lakshmi.singh87@bvc.edu.in,9241744820
20B81ACS13B05,Rahul Kumar,CSE,CSE-CORE,3,B,rahul.kumar49@bvc.edu.in,9108464330
20B81ACS13C01,Zahir Naidu,CSE,CSE-CORE,3,C,zahir.naidu73@bvc.edu.in,9806243772
20B81ACS13C02,Anita Yadav,CSE,CSE-CORE,3,C,anita.yadav45@bvc.edu.in,9772734111
20B81ACS13C03,Dinesh Murthy,CSE,CSE-CORE,3,C,dinesh.murthy6@bvc.edu.in,9136557433
20B81ACS13C04,Zahir Patil,CSE,CSE-CORE,3,C,zahir.patil30@bvc.edu.in,9935710020
20B81ACS13C05,Priya Reddy,CSE,CSE-CORE,3,C,priya.reddy56@bvc.edu.in,9154465645
20B81ACS14A01,Kiran Murthy,CSE,CSE-CORE,4,A,kiran.murthy15@bvc.edu.in,9697255680
20B81ACS14A02,Swathi Reddy,CSE,CSE-CORE,4,A,swathi.reddy50@bvc.edu.in,9767864381
20B81ACS14A03,Ganesh Das,CSE,CSE-CORE,4,A,ganesh.das14@bvc.edu.in,9429547321
20B81ACS14A04,Hari Nair,CSE,CSE-CORE,4,A,hari.nair39@bvc.edu.in,9961270564
20B81ACS14A05,Naveen Reddy,CSE,CSE-CORE,4,A,naveen.reddy21@bvc.edu.in,9553338776
20B81ACS14B01,Bhavya Rao,CSE,CSE-CORE,4,B,bhavya.rao5@bvc.edu.in,9603934156
20B81ACS14B02,Bhavya Das,CSE,CSE-CORE,4,B,bhavya.das64@bvc.edu.in,9769787374
20B81ACS14B03,Swathi Yadav,CSE,CSE-CORE,4,B,swathi.yadav60@bvc.edu.in,9959283516
20B81ACS14B04,Zahir Chowdary,CSE,CSE-CORE,4,B,zahir.chowdary57@bvc.edu.in,9470782509
20B81ACS14B05,Ravi Singh,CSE,CSE-CORE,4,B,ravi.singh93@bvc.edu.in,9849515265
20B81ACS14C01,Swathi Sharma,CSE,CSE-CORE,4,C,swathi.sharma2@bvc.edu.in,9453564528
20B81ACS14C02,Naveen Yadav,CSE,CSE-CORE,4,C,naveen.yadav23@bvc.edu.in,9682846187
20B81ACS14C03,Suresh Nair,CSE,CSE-CORE,4,C,suresh.nair96@bvc.edu.in,9667256269
20B81ACS14C04,Ravi Yadav,CSE,CSE-CORE,4,C,ravi.yadav99@bvc.edu.in,9467868636
20B81ACS14C05,Ganesh Singh,CSE,CSE-CORE,4,C,ganesh.singh49@bvc.edu.in,9875855713
20B81ACS21A01,Karthik Yadav,CSE,CSE-AI,1,A,karthik.yadav68@bvc.edu.in,9200703761
20B81ACS21A02,Teja Patil,CSE,CSE-AI,1,A,teja.patil62@bvc.edu.in,9881717820
20B81ACS21A03,Farooq Nair,CSE,CSE-AI,1,A,farooq.nair35@bvc.edu.in,9911643240
20B81ACS21A04,Kiran Nair,CSE,CSE-AI,1,A,kiran.nair46@bvc.edu.in,9204175020
20B81ACS21A05,Prashanth Kumar,CSE,CSE-AI,1,A,prashanth.kumar65@bvc.edu.in,9624333352
20B81ACS21B01,Ravi Patil,CSE,CSE-AI,1,B,ravi.patil63@bvc.edu.in,9345887489
20B81ACS21B02,Rahul Nair,CSE,CSE-AI,1,B,rahul.nair84@bvc.edu.in,9832434356
20B81ACS21B03,Bhavya Yadav,CSE,CSE-AI,1,B,bhavya.yadav16@bvc.edu.in,9691960545
20B81ACS21B04,Jaya Reddy,CSE,CSE-AI,1,B,jaya.reddy66@bvc.edu.in,9790252048
20B81ACS21B05,Mahesh Goud,CSE,CSE-AI,1,B,mahesh.goud51@bvc.edu.in,9210346081
20B81ACS21C01,Teja Goud,CSE,CSE-AI,1,C,teja.goud31@bvc.edu.in,9453718640
20B81ACS21C02,Vamshi Chowdary,CSE,CSE-AI,1,C,vamshi.chowdary29@bvc.edu.in,9494047216
20B81ACS21C03,Rahul Kumar,CSE,CSE-AI,1,C,rahul.kumar19@bvc.edu.in,9257980198
20B81ACS21C04,Farooq Murthy,CSE,CSE-AI,1,C,farooq.murthy10@bvc.edu.in,9808052116
20B81ACS21C05,Uday Chowdary,CSE,CSE-AI,1,C,uday.chowdary98@bvc.edu.in,9619488407
20B81ACS22A01,Priya Murthy,CSE,CSE-AI,2,A,priya.murthy82@bvc.edu.in,9487475172
20B81ACS22A02,Suresh Das,CSE,CSE-AI,2,A,suresh.das49@bvc.edu.in,9421971931
20B81ACS22A03,Bhavya Reddy,CSE,CSE-AI,2,A,bhavya.reddy54@bvc.edu.in,9761543485
20B81ACS22A04,Vamshi Yadav,CSE,CSE-AI,2,A,vamshi.yadav61@bvc.edu.in,9353508178
20B81ACS22A05,Qasim Naidu,CSE,CSE-AI,2,A,qasim.naidu3@bvc.edu.in,9142154281
20B81ACS22B01,Uday Chowdary,CSE,CSE-AI,2,B,uday.chowdary69@bvc.edu.in,9210706156
20B81ACS22B02,Mahesh Naidu,CSE,CSE-AI,2,B,mahesh.naidu27@bvc.edu.in,9392620571
20B81ACS22B03,Prashanth Nair,CSE,CSE-AI,2,B,prashanth.nair9@bvc.edu.in,9829195769
20B81ACS22B04,Suresh Reddy,CSE,CSE-AI,2,B,suresh.reddy19@bvc.edu.in,9184356891
20B81ACS22B05,Zahir Yadav,CSE,CSE-AI,2,B,zahir.yadav77@bvc.edu.in,9290475606
20B81ACS22C01,Ganesh Goud,CSE,CSE-AI,2,C,ganesh.goud34@bvc.edu.in,9306152867
20B81ACS22C02,Suresh Nair,CSE,CSE-AI,2,C,suresh.nair79@bvc.edu.in,9848990334
20B81ACS22C03,Prashanth Chowdary,CSE,CSE-AI,2,C,prashanth.chowdary89@bvc.edu.in,9963870367
20B81ACS22C04,Anita Yadav,CSE,CSE-AI,2,C,anita.yadav83@bvc.edu.in,9742625503
20B81ACS22C05,Indira Rao,CSE,CSE-AI,2,C,indira.rao75@bvc.edu.in,9303534146
20B81ACS23A01,Lakshmi Patil,CSE,CSE-AI,3,A,lakshmi.patil72@bvc.edu.in,9675297601
20B81ACS23A02,Zahir Patil,CSE,CSE-AI,3,A,zahir.patil34@bvc.edu.in,9369453785
20B81ACS23A03,Ganesh Patil,CSE,CSE-AI,3,A,ganesh.patil6@bvc.edu.in,9141167224
20B81ACS23A04,Yasmin Rao,CSE,CSE-AI,3,A,yasmin.rao76@bvc.edu.in,9457595817
20B81ACS23A05,Naveen Kumar,CSE,CSE-AI,3,A,naveen.kumar38@bvc.edu.in,9443501304
20B81ACS23B01,Zahir Singh,CSE,CSE-AI,3,B,zahir.singh86@bvc.edu.in,9843595651
20B81ACS23B02,Karthik Naidu,CSE,CSE-AI,3,B,karthik.naidu97@bvc.edu.in,9611805286
20B81ACS23B03,Rahul Singh,CSE,CSE-AI,3,B,rahul.singh84@bvc.edu.in,9663570501
20B81ACS23B04,Naveen Reddy,CSE,CSE-AI,3,B,naveen.reddy1@bvc.edu.in,9256788546
20B81ACS23B05,Rahul Naidu,CSE,CSE-AI,3,B,rahul.naidu62@bvc.edu.in,9836106096
20B81ACS23C01,Yasmin Rao,CSE,CSE-AI,3,C,yasmin.rao51@bvc.edu.in,9966172649
20B81ACS23C02,Charan Kumar,CSE,CSE-AI,3,C,charan.kumar2@bvc.edu.in,9828711449
20B81ACS23C03,Yasmin Yadav,CSE,CSE-AI,3,C,yasmin.yadav96@bvc.edu.in,9971854682
20B81ACS23C04,Charan Patil,CSE,CSE-AI,3,C,charan.patil90@bvc.edu.in,9748909513
20B81ACS23C05,Priya Chowdary,CSE,CSE-AI,3,C,priya.chowdary3@bvc.edu.in,9211067981
20B81ACS24A01,Kiran Murthy,CSE,CSE-AI,4,A,kiran.murthy86@bvc.edu.in,9984045443
20B81ACS24A02,Swathi Das,CSE,CSE-AI,4,A,swathi.das54@bvc.edu.in,9337258345
20B81ACS24A03,Jaya Patil,CSE,CSE-AI,4,A,jaya.patil85@bvc.edu.in,9616733058
20B81ACS24A04,Uday Naidu,CSE,CSE-AI,4,A,uday.naidu71@bvc.edu.in,9182241122
20B81ACS24A05,Hari Goud,CSE,CSE-AI,4,A,hari.goud30@bvc.edu.in,9701098534
20B81ACS24B01,Farooq Das,CSE,CSE-AI,4,B,farooq.das18@bvc.edu.in,9384115099
20B81ACS24B02,Vamshi Singh,CSE,CSE-AI,4,B,vamshi.singh38@bvc.edu.in,9496486673
20B81ACS24B03,Vamshi Reddy,CSE,CSE-AI,4,B,vamshi.reddy99@bvc.edu.in,9463516095
20B81ACS24B04,Swathi Yadav,CSE,CSE-AI,4,B,swathi.yadav55@bvc.edu.in,9884777341
20B81ACS24B05,Yasmin Rao,CSE,CSE-AI,4,B,yasmin.rao81@bvc.edu.in,9942686824
20B81ACS24C01,Farooq Murthy,CSE,CSE-AI,4,C,farooq.murthy80@bvc.edu.in,9249881758
20B81ACS24C02,Charan Reddy,CSE,CSE-AI,4,C,charan.reddy69@bvc.edu.in,9183230416
20B81ACS24C03,Anita Sharma,CSE,CSE-AI,4,C,anita.sharma90@bvc.edu.in,9885334402
20B81ACS24C04,Jaya Kumar,CSE,CSE-AI,4,C,jaya.kumar19@bvc.edu.in,9500450738
20B81ACS24C05,Mahesh Goud,CSE,CSE-AI,4,C,mahesh.goud30@bvc.edu.in,9514928259
20B81ACS31A01,Mahesh Kumar,CSE,CSE-DS,1,A,mahesh.kumar22@bvc.edu.in,9419873417
20B81ACS31A02,Bhavya Yadav,CSE,CSE-DS,1,A,bhavya.yadav50@bvc.edu.in,9684001416
20B81ACS31A03,Omkar Yadav,CSE,CSE-DS,1,A,omkar.yadav57@bvc.edu.in,9651897513
20B81ACS31A04,Farooq Goud,CSE,CSE-DS,1,A,farooq.goud60@bvc.edu.in,9908956054
20B81ACS31A05,Yasmin Goud,CSE,CSE-DS,1,A,yasmin.goud61@bvc.edu.in,9332132028
20B81ACS31B01,Lakshmi Nair,CSE,CSE-DS,1,B,lakshmi.nair24@bvc.edu.in,9170406363
20B81ACS31B02,Suresh Chowdary,CSE,CSE-DS,1,B,suresh.chowdary51@bvc.edu.in,9509822702
20B81ACS31B03,Lakshmi Goud,CSE,CSE-DS,1,B,lakshmi.goud19@bvc.edu.in,9655696537
20B81ACS31B04,Zahir Murthy,CSE,CSE-DS,1,B,zahir.murthy98@bvc.edu.in,9990908266
20B81ACS31B05,Karthik Reddy,CSE,CSE-DS,1,B,karthik.reddy63@bvc.edu.in,9194186275
20B81ACS31C01,Charan Murthy,CSE,CSE-DS,1,C,charan.murthy68@bvc.edu.in,9687808888
20B81ACS31C02,Farooq Nair,CSE,CSE-DS,1,C,farooq.nair62@bvc.edu.in,9517393369
20B81ACS31C03,Mahesh Singh,CSE,CSE-DS,1,C,mahesh.singh65@bvc.edu.in,9639409135
20B81ACS31C04,Prashanth Patil,CSE,CSE-DS,1,C,prashanth.patil41@bvc.edu.in,9734977849
20B81ACS31C05,Dinesh Rao,CSE,CSE-DS,1,C,dinesh.rao81@bvc.edu.in,9484923918
20B81ACS32A01,Lakshmi Murthy,CSE,CSE-DS,2,A,lakshmi.murthy89@bvc.edu.in,9225262608
20B81ACS32A02,Uday Das,CSE,CSE-DS,2,A,uday.das86@bvc.edu.in,9611599451
20B81ACS32A03,Qasim Kumar,CSE,CSE-DS,2,A,qasim.kumar23@bvc.edu.in,9216123578
20B81ACS32A04,Ravi Kumar,CSE,CSE-DS,2,A,ravi.kumar67@bvc.edu.in,9591560297
20B81ACS32A05,Lakshmi Kumar,CSE,CSE-DS,2,A,lakshmi.kumar81@bvc.edu.in,9594837246
20B81ACS32B01,Ganesh Naidu,CSE,CSE-DS,2,B,ganesh.naidu18@bvc.edu.in,9445889964
20B81ACS32B02,Uday Naidu,CSE,CSE-DS,2,B,uday.naidu97@bvc.edu.in,9842883314
20B81ACS32B03,Ganesh Rao,CSE,CSE-DS,2,B,ganesh.rao53@bvc.edu.in,9850653861
20B81ACS32B04,Dinesh Kumar,CSE,CSE-DS,2,B,dinesh.kumar13@bvc.edu.in,9502502420
20B81ACS32B05,Suresh Sharma,CSE,CSE-DS,2,B,suresh.sharma34@bvc.edu.in,9830674903
20B81ACS32C01,Farooq Patil,CSE,CSE-DS,2,C,farooq.patil77@bvc.edu.in,9266120436
20B81ACS32C02,Zahir Chowdary,CSE,CSE-DS,2,C,zahir.chowdary86@bvc.edu.in,9831947533
20B81ACS32C03,Mahesh Rao,CSE,CSE-DS,2,C,mahesh.rao3@bvc.edu.in,9899433755
20B81ACS32C04,Suresh Patil,CSE,CSE-DS,2,C,suresh.patil97@bvc.edu.in,9681491977
20B81ACS32C05,Yasmin Yadav,CSE,CSE-DS,2,C,yasmin.yadav91@bvc.edu.in,9787130613
20B81ACS33A01,Omkar Naidu,CSE,CSE-DS,3,A,omkar.naidu82@bvc.edu.in,9999634497
20B81ACS33A02,Ganesh Nair,CSE,CSE-DS,3,A,ganesh.nair65@bvc.edu.in,9521182363
20B81ACS33A03,Jaya Reddy,CSE,CSE-DS,3,A,jaya.reddy9@bvc.edu.in,9174547613
20B81ACS33A04,Eshwar Goud,CSE,CSE-DS,3,A,eshwar.goud8@bvc.edu.in,9651042579
20B81ACS33A05,Swathi Nair,CSE,CSE-DS,3,A,swathi.nair44@bvc.edu.in,9484067541
20B81ACS33B01,Naveen Kumar,CSE,CSE-DS,3,B,naveen.kumar63@bvc.edu.in,9545999106
20B81ACS33B02,Bhavya Singh,CSE,CSE-DS,3,B,bhavya.singh32@bvc.edu.in,9992605050
20B81ACS33B03,Bhavya Yadav,CSE,CSE-DS,3,B,bhavya.yadav25@bvc.edu.in,9906113781
20B81ACS33B04,Karthik Nair,CSE,CSE-DS,3,B,karthik.nair88@bvc.edu.in,9843005786
20B81ACS33B05,Swathi Rao,CSE,CSE-DS,3,B,swathi.rao7@bvc.edu.in,9101073026
20B81ACS33C01,Ravi Yadav,CSE,CSE-DS,3,C,ravi.yadav63@bvc.edu.in,9171971078
20B81ACS33C02,Zahir Goud,CSE,CSE-DS,3,C,zahir.goud59@bvc.edu.in,9430701705
20B81ACS33C03,Anita Yadav,CSE,CSE-DS,3,C,anita.yadav42@bvc.edu.in,9113765504
20B81ACS33C04,Rahul Murthy,CSE,CSE-DS,3,C,rahul.murthy47@bvc.edu.in,9390421971
20B81ACS33C05,Eshwar Goud,CSE,CSE-DS,3,C,eshwar.goud24@bvc.edu.in,9327476424
20B81ACS34A01,Karthik Sharma,CSE,CSE-DS,4,A,karthik.sharma90@bvc.edu.in,9180168096
20B81ACS34A02,Indira Rao,CSE,CSE-DS,4,A,indira.rao86@bvc.edu.in,9150060385
20B81ACS34A03,Swathi Yadav,CSE,CSE-DS,4,A,swathi.yadav32@bvc.edu.in,9704431872
20B81ACS34A04,Yasmin Kumar,CSE,CSE-DS,4,A,yasmin.kumar59@bvc.edu.in,9513908503
20B81ACS34A05,Jaya Nair,CSE,CSE-DS,4,A,jaya.nair94@bvc.edu.in,9553712236
20B81ACS34B01,Bhavya Goud,CSE,CSE-DS,4,B,bhavya.goud30@bvc.edu.in,9154205494
20B81ACS34B02,Anita Das,CSE,CSE-DS,4,B,anita.das56@bvc.edu.in,9692878481
20B81ACS34B03,Yasmin Naidu,CSE,CSE-DS,4,B,yasmin.naidu94@bvc.edu.in,9270271526
20B81ACS34B04,Kiran Chowdary,CSE,CSE-DS,4,B,kiran.chowdary69@bvc.edu.in,9773742305
20B81ACS34B05,Farooq Nair,CSE,CSE-DS,4,B,farooq.nair37@bvc.edu.in,9652417363
20B81ACS34C01,Karthik Naidu,CSE,CSE-DS,4,C,karthik.naidu39@bvc.edu.in,9317724368
20B81ACS34C02,Omkar Singh,CSE,CSE-DS,4,C,omkar.singh78@bvc.edu.in,9971880315
20B81ACS34C03,Karthik Chowdary,CSE,CSE-DS,4,C,karthik.chowdary57@bvc.edu.in,9727424225
20B81ACS34C04,Hari Nair,CSE,CSE-DS,4,C,hari.nair35@bvc.edu.in,9964202634
20B81ACS34C05,Naveen Rao,CSE,CSE-DS,4,C,naveen.rao59@bvc.edu.in,9182151960
20B81AAI41A01,Charan Nair,AIML,AIML-CORE,1,A,charan.nair9@bvc.edu.in,9741755024
20B81AAI41A02,Jaya Das,AIML,AIML-CORE,1,A,jaya.das54@bvc.edu.in,9169054366
20B81AAI41A03,Prashanth Patil,AIML,AIML-CORE,1,A,prashanth.patil60@bvc.edu.in,9405737979
20B81AAI41A04,Suresh Reddy,AIML,AIML-CORE,1,A,suresh.reddy71@bvc.edu.in,9697302209
20B81AAI41A05,Rahul Kumar,AIML,AIML-CORE,1,A,rahul.kumar43@bvc.edu.in,9332036730
20B81AAI41B01,Kiran Naidu,AIML,AIML-CORE,1,B,kiran.naidu90@bvc.edu.in,9275542283
20B81AAI41B02,Jaya Kumar,AIML,AIML-CORE,1,B,jaya.kumar0@bvc.edu.in,9490977600
20B81AAI41B03,Zahir Naidu,AIML,AIML-CORE,1,B,zahir.naidu7@bvc.edu.in,9708128436
20B81AAI41B04,Hari Das,AIML,AIML-CORE,1,B,hari.das37@bvc.edu.in,9197120717
20B81AAI41B05,Hari Naidu,AIML,AIML-CORE,1,B,hari.naidu29@bvc.edu.in,9791451909
20B81AAI41C01,Uday Yadav,AIML,AIML-CORE,1,C,uday.yadav74@bvc.edu.in,9518629034
20B81AAI41C02,Lakshmi Patil,AIML,AIML-CORE,1,C,lakshmi.patil24@bvc.edu.in,9105787392
20B81AAI41C03,Jaya Yadav,AIML,AIML-CORE,1,C,jaya.yadav9@bvc.edu.in,9130144566
20B81AAI41C04,Teja Goud,AIML,AIML-CORE,1,C,teja.goud55@bvc.edu.in,9697960380
20B81AAI41C05,Teja Naidu,AIML,AIML-CORE,1,C,teja.naidu46@bvc.edu.in,9681953387
20B81AAI42A01,Vamshi Kumar,AIML,AIML-CORE,2,A,vamshi.kumar41@bvc.edu.in,9338824108
20B81AAI42A02,Yasmin Naidu,AIML,AIML-CORE,2,A,yasmin.naidu34@bvc.edu.in,9593958800
20B81AAI42A03,Priya Sharma,AIML,AIML-CORE,2,A,priya.sharma6@bvc.edu.in,9903531013
20B81AAI42A04,Teja Nair,AIML,AIML-CORE,2,A,teja.nair39@bvc.edu.in,9301343955
20B81AAI42A05,Ravi Sharma,AIML,AIML-CORE,2,A,ravi.sharma77@bvc.edu.in,9300547581
20B81AAI42B01,Naveen Chowdary,AIML,AIML-CORE,2,B,naveen.chowdary15@bvc.edu.in,9343322824
20B81AAI42B02,Uday Chowdary,AIML,AIML-CORE,2,B,uday.chowdary4@bvc.edu.in,9308196895
20B81AAI42B03,Lakshmi Murthy,AIML,AIML-CORE,2,B,lakshmi.murthy22@bvc.edu.in,9104679474
20B81AAI42B04,Charan Das,AIML,AIML-CORE,2,B,charan.das18@bvc.edu.in,9924894397
20B81AAI42B05,Lakshmi Das,AIML,AIML-CORE,2,B,lakshmi.das74@bvc.edu.in,9430540439
20B81AAI42C01,Mahesh Sharma,AIML,AIML-CORE,2,C,mahesh.sharma34@bvc.edu.in,9766217159
20B81AAI42C02,Zahir Reddy,AIML,AIML-CORE,2,C,zahir.reddy65@bvc.edu.in,9290452772
20B81AAI42C03,Lakshmi Reddy,AIML,AIML-CORE,2,C,lakshmi.reddy73@bvc.edu.in,9871326215
20B81AAI42C04,Bhavya Das,AIML,AIML-CORE,2,C,bhavya.das8@bvc.edu.in,9357802728
20B81AAI42C05,Teja Nair,AIML,AIML-CORE,2,C,teja.nair87@bvc.edu.in,9175947286
20B81AAI43A01,Ganesh Naidu,AIML,AIML-CORE,3,A,ganesh.naidu63@bvc.edu.in,9811201779
20B81AAI43A02,Naveen Kumar,AIML,AIML-CORE,3,A,naveen.kumar3@bvc.edu.in,9115505232
20B81AAI43A03,Vamshi Goud,AIML,AIML-CORE,3,A,vamshi.goud25@bvc.edu.in,9587896102
20B81AAI43A04,Priya Das,AIML,AIML-CORE,3,A,priya.das11@bvc.edu.in,9156693192
20B81AAI43A05,Farooq Chowdary,AIML,AIML-CORE,3,A,farooq.chowdary4@bvc.edu.in,9359044828
20B81AAI43B01,Ganesh Murthy,AIML,AIML-CORE,3,B,ganesh.murthy86@bvc.edu.in,9359968437
20B81AAI43B02,Mahesh Rao,AIML,AIML-CORE,3,B,mahesh.rao21@bvc.edu.in,9119416349
20B81AAI43B03,Naveen Patil,AIML,AIML-CORE,3,B,naveen.patil6@bvc.edu.in,9717968290
20B81AAI43B04,Bhavya Sharma,AIML,AIML-CORE,3,B,bhavya.sharma1@bvc.edu.in,9297570024
20B81AAI43B05,Lakshmi Nair,AIML,AIML-CORE,3,B,lakshmi.nair27@bvc.edu.in,9953516166
20B81AAI43C01,Uday Sharma,AIML,AIML-CORE,3,C,uday.sharma14@bvc.edu.in,9196313740
20B81AAI43C02,Swathi Yadav,AIML,AIML-CORE,3,C,swathi.yadav23@bvc.edu.in,9543529645
20B81AAI43C03,Indira Chowdary,AIML,AIML-CORE,3,C,indira.chowdary34@bvc.edu.in,9202936985
20B81AAI43C04,Omkar Nair,AIML,AIML-CORE,3,C,omkar.nair64@bvc.edu.in,9226725516
20B81AAI43C05,Qasim Rao,AIML,AIML-CORE,3,C,qasim.rao54@bvc.edu.in,9115221944
20B81AAI44A01,Naveen Reddy,AIML,AIML-CORE,4,A,naveen.reddy50@bvc.edu.in,9112695278
20B81AAI44A02,Indira Das,AIML,AIML-CORE,4,A,indira.das59@bvc.edu.in,9954278383
20B81AAI44A03,Ganesh Rao,AIML,AIML-CORE,4,A,ganesh.rao14@bvc.edu.in,9132145891
20B81AAI44A04,Rahul Murthy,AIML,AIML-CORE,4,A,rahul.murthy85@bvc.edu.in,9557772369
20B81AAI44A05,Charan Singh,AIML,AIML-CORE,4,A,charan.singh53@bvc.edu.in,9840477538
20B81AAI44B01,Dinesh Das,AIML,AIML-CORE,4,B,dinesh.das98@bvc.edu.in,9671748209
20B81AAI44B02,Eshwar Rao,AIML,AIML-CORE,4,B,eshwar.rao82@bvc.edu.in,9940836637
20B81AAI44B03,Kiran Patil,AIML,AIML-CORE,4,B,kiran.patil86@bvc.edu.in,9786832649
20B81AAI44B04,Karthik Naidu,AIML,AIML-CORE,4,B,karthik.naidu56@bvc.edu.in,9349667064
20B81AAI44B05,Bhavya Chowdary,AIML,AIML-CORE,4,B,bhavya.chowdary18@bvc.edu.in,9241193687
20B81AAI44C01,Ganesh Goud,AIML,AIML-CORE,4,C,ganesh.goud14@bvc.edu.in,9942932501
20B81AAI44C02,Hari Goud,AIML,AIML-CORE,4,C,hari.goud74@bvc.edu.in,9613076515
20B81AAI44C03,Charan Patil,AIML,AIML-CORE,4,C,charan.patil39@bvc.edu.in,9247975863
20B81AAI44C04,Charan Das,AIML,AIML-CORE,4,C,charan.das10@bvc.edu.in,9143549391
20B81AAI44C05,Uday Patil,AIML,AIML-CORE,4,C,uday.patil43@bvc.edu.in,9752050432
20B81AAI51A01,Qasim Goud,AIDS,AIDS-CORE,1,A,qasim.goud89@bvc.edu.in,9287008362
20B81AAI51A02,Naveen Patil,AIDS,AIDS-CORE,1,A,naveen.patil50@bvc.edu.in,9883363607
20B81AAI51A03,Uday Patil,AIDS,AIDS-CORE,1,A,uday.patil77@bvc.edu.in,9465722289
20B81AAI51A04,Jaya Reddy,AIDS,AIDS-CORE,1,A,jaya.reddy8@bvc.edu.in,9646219477
20B81AAI51A05,Teja Yadav,AIDS,AIDS-CORE,1,A,teja.yadav94@bvc.edu.in,9331648777
20B81AAI51B01,Mahesh Reddy,AIDS,AIDS-CORE,1,B,mahesh.reddy24@bvc.edu.in,9877445995
20B81AAI51B02,Lakshmi Chowdary,AIDS,AIDS-CORE,1,B,lakshmi.chowdary54@bvc.edu.in,9402768572
20B81AAI51B03,Ganesh Patil,AIDS,AIDS-CORE,1,B,ganesh.patil84@bvc.edu.in,9936021314
20B81AAI51B04,Zahir Nair,AIDS,AIDS-CORE,1,B,zahir.nair34@bvc.edu.in,9134061227
20B81AAI51B05,Karthik Yadav,AIDS,AIDS-CORE,1,B,karthik.yadav75@bvc.edu.in,9201208484
20B81AAI51C01,Bhavya Murthy,AIDS,AIDS-CORE,1,C,bhavya.murthy75@bvc.edu.in,9156985162
20B81AAI51C02,Uday Kumar,AIDS,AIDS-CORE,1,C,uday.kumar88@bvc.edu.in,9719203131
20B81AAI51C03,Vamshi Das,AIDS,AIDS-CORE,1,C,vamshi.das44@bvc.edu.in,9474955849
20B81AAI51C04,Vamshi Singh,AIDS,AIDS-CORE,1,C,vamshi.singh14@bvc.edu.in,9361687880
20B81AAI51C05,Rahul Yadav,AIDS,AIDS-CORE,1,C,rahul.yadav44@bvc.edu.in,9635753596
20B81AAI52A01,Kiran Chowdary,AIDS,AIDS-CORE,2,A,kiran.chowdary24@bvc.edu.in,9381624122
20B81AAI52A02,Kiran Yadav,AIDS,AIDS-CORE,2,A,kiran.yadav85@bvc.edu.in,9459460116
20B81AAI52A03,Ganesh Sharma,AIDS,AIDS-CORE,2,A,ganesh.sharma25@bvc.edu.in,9734267418
20B81AAI52A04,Suresh Reddy,AIDS,AIDS-CORE,2,A,suresh.reddy29@bvc.edu.in,9252317651
20B81AAI52A05,Suresh Murthy,AIDS,AIDS-CORE,2,A,suresh.murthy81@bvc.edu.in,9335399189
20B81AAI52B01,Omkar Chowdary,AIDS,AIDS-CORE,2,B,omkar.chowdary86@bvc.edu.in,9313599151
20B81AAI52B02,Jaya Rao,AIDS,AIDS-CORE,2,B,jaya.rao8@bvc.edu.in,9792999834
20B81AAI52B03,Farooq Goud,AIDS,AIDS-CORE,2,B,farooq.goud4@bvc.edu.in,9862694100
20B81AAI52B04,Ravi Murthy,AIDS,AIDS-CORE,2,B,ravi.murthy44@bvc.edu.in,9408221327
20B81AAI52B05,Anita Patil,AIDS,AIDS-CORE,2,B,anita.patil16@bvc.edu.in,9976562272
20B81AAI52C01,Ganesh Yadav,AIDS,AIDS-CORE,2,C,ganesh.yadav70@bvc.edu.in,9795662110
20B81AAI52C02,Zahir Rao,AIDS,AIDS-CORE,2,C,zahir.rao84@bvc.edu.in,9126482513
20B81AAI52C03,Kiran Singh,AIDS,AIDS-CORE,2,C,kiran.singh12@bvc.edu.in,9275994709
20B81AAI52C04,Jaya Goud,AIDS,AIDS-CORE,2,C,jaya.goud67@bvc.edu.in,9111164334
20B81AAI52C05,Farooq Yadav,AIDS,AIDS-CORE,2,C,farooq.yadav81@bvc.edu.in,9550047302
20B81AAI53A01,Omkar Nair,AIDS,AIDS-CORE,3,A,omkar.nair10@bvc.edu.in,9883712312
20B81AAI53A02,Vamshi Patil,AIDS,AIDS-CORE,3,A,vamshi.patil40@bvc.edu.in,9960253718
20B81AAI53A03,Priya Nair,AIDS,AIDS-CORE,3,A,priya.nair51@bvc.edu.in,9793224292
20B81AAI53A04,Farooq Nair,AIDS,AIDS-CORE,3,A,farooq.nair8@bvc.edu.in,9510609574
20B81AAI53A05,Teja Rao,AIDS,AIDS-CORE,3,A,teja.rao44@bvc.edu.in,9789540684
20B81AAI53B01,Jaya Nair,AIDS,AIDS-CORE,3,B,jaya.nair65@bvc.edu.in,9967062222
20B81AAI53B02,Jaya Reddy,AIDS,AIDS-CORE,3,B,jaya.reddy74@bvc.edu.in,9600671566
20B81AAI53B03,Swathi Sharma,AIDS,AIDS-CORE,3,B,swathi.sharma1@bvc.edu.in,9336172087
20B81AAI53B04,Qasim Reddy,AIDS,AIDS-CORE,3,B,qasim.reddy55@bvc.edu.in,9628282741
20B81AAI53B05,Uday Nair,AIDS,AIDS-CORE,3,B,uday.nair54@bvc.edu.in,9429575491
20B81AAI53C01,Swathi Yadav,AIDS,AIDS-CORE,3,C,swathi.yadav64@bvc.edu.in,9756894096
20B81AAI53C02,Farooq Reddy,AIDS,AIDS-CORE,3,C,farooq.reddy77@bvc.edu.in,9934966855
20B81AAI53C03,Qasim Goud,AIDS,AIDS-CORE,3,C,qasim.goud33@bvc.edu.in,9649494540
20B81AAI53C04,Eshwar Sharma,AIDS,AIDS-CORE,3,C,eshwar.sharma21@bvc.edu.in,9509321548
20B81AAI53C05,Jaya Singh,AIDS,AIDS-CORE,3,C,jaya.singh37@bvc.edu.in,9363500279
20B81AAI54A01,Ravi Nair,AIDS,AIDS-CORE,4,A,ravi.nair79@bvc.edu.in,9226757980
20B81AAI54A02,Eshwar Das,AIDS,AIDS-CORE,4,A,eshwar.das43@bvc.edu.in,9509354322
20B81AAI54A03,Bhavya Goud,AIDS,AIDS-CORE,4,A,bhavya.goud61@bvc.edu.in,9502753370
20B81AAI54A04,Bhavya Reddy,AIDS,AIDS-CORE,4,A,bhavya.reddy93@bvc.edu.in,9920772482
20B81AAI54A05,Indira Naidu,AIDS,AIDS-CORE,4,A,indira.naidu58@bvc.edu.in,9589800168
20B81AAI54B01,Omkar Chowdary,AIDS,AIDS-CORE,4,B,omkar.chowdary9@bvc.edu.in,9514951028
20B81AAI54B02,Ravi Kumar,AIDS,AIDS-CORE,4,B,ravi.kumar79@bvc.edu.in,9206535828
20B81AAI54B03,Anita Sharma,AIDS,AIDS-CORE,4,B,anita.sharma27@bvc.edu.in,9745611347
20B81AAI54B04,Qasim Chowdary,AIDS,AIDS-CORE,4,B,qasim.chowdary57@bvc.edu.in,9146425510
20B81AAI54B05,Lakshmi Das,AIDS,AIDS-CORE,4,B,lakshmi.das98@bvc.edu.in,9548786599
20B81AAI54C01,Kiran Murthy,AIDS,AIDS-CORE,4,C,kiran.murthy53@bvc.edu.in,9969801290
20B81AAI54C02,Uday Goud,AIDS,AIDS-CORE,4,C,uday.goud57@bvc.edu.in,9974600660
20B81AAI54C03,Indira Chowdary,AIDS,AIDS-CORE,4,C,indira.chowdary6@bvc.edu.in,9388428747
20B81AAI54C04,Dinesh Kumar,AIDS,AIDS-CORE,4,C,dinesh.kumar79@bvc.edu.in,9434272523
20B81AAI54C05,Naveen Rao,AIDS,AIDS-CORE,4,C,naveen.rao76@bvc.edu.in,9493753812
20B81AIT61A01,Dinesh Naidu,IT,IT-CORE,1,A,dinesh.naidu76@bvc.edu.in,9928490409
20B81AIT61A02,Dinesh Patil,IT,IT-CORE,1,A,dinesh.patil51@bvc.edu.in,9137651119
20B81AIT61A03,Lakshmi Singh,IT,IT-CORE,1,A,lakshmi.singh95@bvc.edu.in,9178398111
20B81AIT61A04,Hari Sharma,IT,IT-CORE,1,A,hari.sharma93@bvc.edu.in,9602286152
20B81AIT61A05,Hari Sharma,IT,IT-CORE,1,A,hari.sharma71@bvc.edu.in,9650344899
20B81AIT61B01,Omkar Chowdary,IT,IT-CORE,1,B,omkar.chowdary48@bvc.edu.in,9998991165
20B81AIT61B02,Priya Sharma,IT,IT-CORE,1,B,priya.sharma52@bvc.edu.in,9476313153
20B81AIT61B03,Eshwar Murthy,IT,IT-CORE,1,B,eshwar.murthy61@bvc.edu.in,9705952521
20B81AIT61B04,Charan Nair,IT,IT-CORE,1,B,charan.nair26@bvc.edu.in,9182148524
20B81AIT61B05,Kiran Patil,IT,IT-CORE,1,B,kiran.patil0@bvc.edu.in,9219806490
20B81AIT61C01,Omkar Singh,IT,IT-CORE,1,C,omkar.singh71@bvc.edu.in,9889228798
20B81AIT61C02,Indira Nair,IT,IT-CORE,1,C,indira.nair95@bvc.edu.in,9864354555
20B81AIT61C03,Naveen Naidu,IT,IT-CORE,1,C,naveen.naidu77@bvc.edu.in,9576388879
20B81AIT61C04,Qasim Goud,IT,IT-CORE,1,C,qasim.goud38@bvc.edu.in,9356782644
20B81AIT61C05,Naveen Singh,IT,IT-CORE,1,C,naveen.singh44@bvc.edu.in,9874772392
20B81AIT62A01,Zahir Reddy,IT,IT-CORE,2,A,zahir.reddy22@bvc.edu.in,9826237056
20B81AIT62A02,Bhavya Rao,IT,IT-CORE,2,A,bhavya.rao27@bvc.edu.in,9126760617
20B81AIT62A03,Mahesh Patil,IT,IT-CORE,2,A,mahesh.patil45@bvc.edu.in,9833241591
20B81AIT62A04,Ganesh Das,IT,IT-CORE,2,A,ganesh.das98@bvc.edu.in,9120409374
20B81AIT62A05,Vamshi Patil,IT,IT-CORE,2,A,vamshi.patil99@bvc.edu.in,9968468848
20B81AIT62B01,Omkar Rao,IT,IT-CORE,2,B,omkar.rao25@bvc.edu.in,9672779260
20B81AIT62B02,Prashanth Murthy,IT,IT-CORE,2,B,prashanth.murthy23@bvc.edu.in,9330219643
20B81AIT62B03,Swathi Goud,IT,IT-CORE,2,B,swathi.goud33@bvc.edu.in,9377756966
20B81AIT62B04,Zahir Chowdary,IT,IT-CORE,2,B,zahir.chowdary96@bvc.edu.in,9974464346
20B81AIT62B05,Kiran Kumar,IT,IT-CORE,2,B,kiran.kumar90@bvc.edu.in,9680172376
20B81AIT62C01,Lakshmi Rao,IT,IT-CORE,2,C,lakshmi.rao57@bvc.edu.in,9623354692
20B81AIT62C02,Zahir Goud,IT,IT-CORE,2,C,zahir.goud91@bvc.edu.in,9142136582
20B81AIT62C03,Prashanth Chowdary,IT,IT-CORE,2,C,prashanth.chowdary65@bvc.edu.in,9345366290
20B81AIT62C04,Karthik Reddy,IT,IT-CORE,2,C,karthik.reddy85@bvc.edu.in,9435183171
20B81AIT62C05,Rahul Murthy,IT,IT-CORE,2,C,rahul.murthy51@bvc.edu.in,9336595959
20B81AIT63A01,Hari Sharma,IT,IT-CORE,3,A,hari.sharma39@bvc.edu.in,9234174752
20B81AIT63A02,Yasmin Goud,IT,IT-CORE,3,A,yasmin.goud37@bvc.edu.in,9502381308
20B81AIT63A03,Teja Patil,IT,IT-CORE,3,A,teja.patil12@bvc.edu.in,9848031027
20B81AIT63A04,Charan Goud,IT,IT-CORE,3,A,charan.goud64@bvc.edu.in,9678480341
20B81AIT63A05,Omkar Kumar,IT,IT-CORE,3,A,omkar.kumar82@bvc.edu.in,9626863683
20B81AIT63B01,Hari Patil,IT,IT-CORE,3,B,hari.patil61@bvc.edu.in,9142469428
20B81AIT63B02,Karthik Nair,IT,IT-CORE,3,B,karthik.nair95@bvc.edu.in,9232594054
20B81AIT63B03,Indira Nair,IT,IT-CORE,3,B,indira.nair39@bvc.edu.in,9258594589
20B81AIT63B04,Karthik Das,IT,IT-CORE,3,B,karthik.das83@bvc.edu.in,9909397971
20B81AIT63B05,Bhavya Rao,IT,IT-CORE,3,B,bhavya.rao56@bvc.edu.in,9380213873
20B81AIT63C01,Swathi Murthy,IT,IT-CORE,3,C,swathi.murthy66@bvc.edu.in,9798229598
20B81AIT63C02,Hari Das,IT,IT-CORE,3,C,hari.das77@bvc.edu.in,9982814226
20B81AIT63C03,Yasmin Goud,IT,IT-CORE,3,C,yasmin.goud72@bvc.edu.in,9793003519
20B81AIT63C04,Anita Das,IT,IT-CORE,3,C,anita.das53@bvc.edu.in,9296203318
20B81AIT63C05,Jaya Singh,IT,IT-CORE,3,C,jaya.singh9@bvc.edu.in,9491666858
20B81AIT64A01,Swathi Singh,IT,IT-CORE,4,A,swathi.singh25@bvc.edu.in,9567501574
20B81AIT64A02,Yasmin Murthy,IT,IT-CORE,4,A,yasmin.murthy86@bvc.edu.in,9454734415
20B81AIT64A03,Karthik Das,IT,IT-CORE,4,A,karthik.das52@bvc.edu.in,9677886217
20B81AIT64A04,Anita Goud,IT,IT-CORE,4,A,anita.goud83@bvc.edu.in,9882122771
20B81AIT64A05,Zahir Chowdary,IT,IT-CORE,4,A,zahir.chowdary82@bvc.edu.in,9439636731
20B81AIT64B01,Vamshi Rao,IT,IT-CORE,4,B,vamshi.rao49@bvc.edu.in,9157425254
20B81AIT64B02,Kiran Rao,IT,IT-CORE,4,B,kiran.rao47@bvc.edu.in,9440583912
20B81AIT64B03,Yasmin Yadav,IT,IT-CORE,4,B,yasmin.yadav77@bvc.edu.in,9428189970
20B81AIT64B04,Kiran Reddy,IT,IT-CORE,4,B,kiran.reddy89@bvc.edu.in,9406785885
20B81AIT64B05,Rahul Patil,IT,IT-CORE,4,B,rahul.patil56@bvc.edu.in,9252251516
20B81AIT64C01,Uday Das,IT,IT-CORE,4,C,uday.das23@bvc.edu.in,9870649847
20B81AIT64C02,Anita Goud,IT,IT-CORE,4,C,anita.goud51@bvc.edu.in,9381372765
20B81AIT64C03,Charan Sharma,IT,IT-CORE,4,C,charan.sharma54@bvc.edu.in,9948251002
20B81AIT64C04,Eshwar Patil,IT,IT-CORE,4,C,eshwar.patil55@bvc.edu.in,9621798262
20B81AIT64C05,Indira Yadav,IT,IT-CORE,4,C,indira.yadav57@bvc.edu.in,9452621677
20B81AEC71A01,Ganesh Rao,ECE,ECE-CORE,1,A,ganesh.rao63@bvc.edu.in,9599594301
20B81AEC71A02,Eshwar Nair,ECE,ECE-CORE,1,A,eshwar.nair57@bvc.edu.in,9777224693
20B81AEC71A03,Rahul Kumar,ECE,ECE-CORE,1,A,rahul.kumar20@bvc.edu.in,9374299461
20B81AEC71A04,Bhavya Kumar,ECE,ECE-CORE,1,A,bhavya.kumar12@bvc.edu.in,9503047217
20B81AEC71A05,Prashanth Nair,ECE,ECE-CORE,1,A,prashanth.nair61@bvc.edu.in,9839103051
20B81AEC71B01,Teja Kumar,ECE,ECE-CORE,1,B,teja.kumar57@bvc.edu.in,9895818953
20B81AEC71B02,Charan Naidu,ECE,ECE-CORE,1,B,charan.naidu75@bvc.edu.in,9203960667
20B81AEC71B03,Ganesh Naidu,ECE,ECE-CORE,1,B,ganesh.naidu91@bvc.edu.in,9995758189
20B81AEC71B04,Ganesh Das,ECE,ECE-CORE,1,B,ganesh.das57@bvc.edu.in,9114423552
20B81AEC71B05,Jaya Reddy,ECE,ECE-CORE,1,B,jaya.reddy73@bvc.edu.in,9114535718
20B81AEC71C01,Prashanth Sharma,ECE,ECE-CORE,1,C,prashanth.sharma38@bvc.edu.in,9363673168
20B81AEC71C02,Bhavya Sharma,ECE,ECE-CORE,1,C,bhavya.sharma59@bvc.edu.in,9881768480
20B81AEC71C03,Yasmin Kumar,ECE,ECE-CORE,1,C,yasmin.kumar80@bvc.edu.in,9148603658
20B81AEC71C04,Ravi Rao,ECE,ECE-CORE,1,C,ravi.rao81@bvc.edu.in,9107881360
20B81AEC71C05,Yasmin Singh,ECE,ECE-CORE,1,C,yasmin.singh45@bvc.edu.in,9350807735
20B81AEC72A01,Ravi Patil,ECE,ECE-CORE,2,A,ravi.patil72@bvc.edu.in,9745133746
20B81AEC72A02,Ravi Naidu,ECE,ECE-CORE,2,A,ravi.naidu86@bvc.edu.in,9353616164
20B81AEC72A03,Suresh Chowdary,ECE,ECE-CORE,2,A,suresh.chowdary82@bvc.edu.in,9871480940
20B81AEC72A04,Uday Nair,ECE,ECE-CORE,2,A,uday.nair68@bvc.edu.in,9193474371
20B81AEC72A05,Omkar Reddy,ECE,ECE-CORE,2,A,omkar.reddy44@bvc.edu.in,9697305180
20B81AEC72B01,Farooq Das,ECE,ECE-CORE,2,B,farooq.das97@bvc.edu.in,9959692285
20B81AEC72B02,Ganesh Rao,ECE,ECE-CORE,2,B,ganesh.rao38@bvc.edu.in,9153731101
20B81AEC72B03,Ganesh Goud,ECE,ECE-CORE,2,B,ganesh.goud87@bvc.edu.in,9693249270
20B81AEC72B04,Prashanth Naidu,ECE,ECE-CORE,2,B,prashanth.naidu27@bvc.edu.in,9373950784
20B81AEC72B05,Mahesh Goud,ECE,ECE-CORE,2,B,mahesh.goud60@bvc.edu.in,9371212778
20B81AEC72C01,Vamshi Reddy,ECE,ECE-CORE,2,C,vamshi.reddy7@bvc.edu.in,9679322991
20B81AEC72C02,Eshwar Rao,ECE,ECE-CORE,2,C,eshwar.rao78@bvc.edu.in,9385046146
20B81AEC72C03,Prashanth Goud,ECE,ECE-CORE,2,C,prashanth.goud1@bvc.edu.in,9405277856
20B81AEC72C04,Uday Murthy,ECE,ECE-CORE,2,C,uday.murthy43@bvc.edu.in,9812126413
20B81AEC72C05,Bhavya Murthy,ECE,ECE-CORE,2,C,bhavya.murthy95@bvc.edu.in,9271782623
20B81AEC73A01,Karthik Patil,ECE,ECE-CORE,3,A,karthik.patil64@bvc.edu.in,9660737505
20B81AEC73A02,Zahir Patil,ECE,ECE-CORE,3,A,zahir.patil24@bvc.edu.in,9959196264
20B81AEC73A03,Ganesh Goud,ECE,ECE-CORE,3,A,ganesh.goud45@bvc.edu.in,9525159699
20B81AEC73A04,Qasim Goud,ECE,ECE-CORE,3,A,qasim.goud34@bvc.edu.in,9859281556
20B81AEC73A05,Uday Patil,ECE,ECE-CORE,3,A,uday.patil78@bvc.edu.in,9838993997
20B81AEC73B01,Uday Sharma,ECE,ECE-CORE,3,B,uday.sharma40@bvc.edu.in,9885082434
20B81AEC73B02,Swathi Murthy,ECE,ECE-CORE,3,B,swathi.murthy53@bvc.edu.in,9752753848
20B81AEC73B03,Karthik Singh,ECE,ECE-CORE,3,B,karthik.singh95@bvc.edu.in,9426955707
20B81AEC73B04,Dinesh Yadav,ECE,ECE-CORE,3,B,dinesh.yadav57@bvc.edu.in,9654932272
20B81AEC73B05,Indira Reddy,ECE,ECE-CORE,3,B,indira.reddy35@bvc.edu.in,9542213134
20B81AEC73C01,Yasmin Goud,ECE,ECE-CORE,3,C,yasmin.goud61@bvc.edu.in,9788850795
20B81AEC73C02,Bhavya Das,ECE,ECE-CORE,3,C,bhavya.das6@bvc.edu.in,9317860161
20B81AEC73C03,Bhavya Sharma,ECE,ECE-CORE,3,C,bhavya.sharma25@bvc.edu.in,9154156848
20B81AEC73C04,Rahul Nair,ECE,ECE-CORE,3,C,rahul.nair90@bvc.edu.in,9333037326
20B81AEC73C05,Qasim Nair,ECE,ECE-CORE,3,C,qasim.nair68@bvc.edu.in,9216888787
20B81AEC74A01,Kiran Naidu,ECE,ECE-CORE,4,A,kiran.naidu31@bvc.edu.in,9626560613
20B81AEC74A02,Indira Nair,ECE,ECE-CORE,4,A,indira.nair83@bvc.edu.in,9436115281
20B81AEC74A03,Kiran Murthy,ECE,ECE-CORE,4,A,kiran.murthy10@bvc.edu.in,9176341450
20B81AEC74A04,Naveen Naidu,ECE,ECE-CORE,4,A,naveen.naidu23@bvc.edu.in,9509598114
20B81AEC74A05,Ganesh Nair,ECE,ECE-CORE,4,A,ganesh.nair78@bvc.edu.in,9474058869
20B81AEC74B01,Vamshi Rao,ECE,ECE-CORE,4,B,vamshi.rao9@bvc.edu.in,9972866521
20B81AEC74B02,Karthik Reddy,ECE,ECE-CORE,4,B,karthik.reddy23@bvc.edu.in,9447114040
20B81AEC74B03,Anita Chowdary,ECE,ECE-CORE,4,B,anita.chowdary87@bvc.edu.in,9689672088
20B81AEC74B04,Ravi Rao,ECE,ECE-CORE,4,B,ravi.rao60@bvc.edu.in,9530628620
20B81AEC74B05,Mahesh Reddy,ECE,ECE-CORE,4,B,mahesh.reddy77@bvc.edu.in,9935052040
20B81AEC74C01,Jaya Murthy,ECE,ECE-CORE,4,C,jaya.murthy18@bvc.edu.in,9636895126
20B81AEC74C02,Prashanth Reddy,ECE,ECE-CORE,4,C,prashanth.reddy15@bvc.edu.in,9505274734
20B81AEC74C03,Priya Naidu,ECE,ECE-CORE,4,C,priya.naidu58@bvc.edu.in,9296745800
20B81AEC74C04,Suresh Yadav,ECE,ECE-CORE,4,C,suresh.yadav41@bvc.edu.in,9879176151
20B81AEC74C05,Priya Reddy,ECE,ECE-CORE,4,C,priya.reddy4@bvc.edu.in,9636210338
20B81AEC81A01,Yasmin Das,ECE,ECE-VLSI,1,A,yasmin.das20@bvc.edu.in,9344518083
20B81AEC81A02,Suresh Das,ECE,ECE-VLSI,1,A,suresh.das89@bvc.edu.in,9528674220
20B81AEC81A03,Teja Goud,ECE,ECE-VLSI,1,A,teja.goud64@bvc.edu.in,9417739243
20B81AEC81A04,Jaya Das,ECE,ECE-VLSI,1,A,jaya.das12@bvc.edu.in,9427661621
20B81AEC81A05,Lakshmi Das,ECE,ECE-VLSI,1,A,lakshmi.das55@bvc.edu.in,9729645340
20B81AEC81B01,Farooq Chowdary,ECE,ECE-VLSI,1,B,farooq.chowdary47@bvc.edu.in,9945854347
20B81AEC81B02,Naveen Sharma,ECE,ECE-VLSI,1,B,naveen.sharma77@bvc.edu.in,9670444838
20B81AEC81B03,Zahir Chowdary,ECE,ECE-VLSI,1,B,zahir.chowdary27@bvc.edu.in,9207256373
20B81AEC81B04,Omkar Yadav,ECE,ECE-VLSI,1,B,omkar.yadav33@bvc.edu.in,9129637441
20B81AEC81B05,Zahir Singh,ECE,ECE-VLSI,1,B,zahir.singh25@bvc.edu.in,9817859149
20B81AEC81C01,Vamshi Rao,ECE,ECE-VLSI,1,C,vamshi.rao67@bvc.edu.in,9498431695
20B81AEC81C02,Qasim Das,ECE,ECE-VLSI,1,C,qasim.das98@bvc.edu.in,9470509663
20B81AEC81C03,Ganesh Patil,ECE,ECE-VLSI,1,C,ganesh.patil34@bvc.edu.in,9427456558
20B81AEC81C04,Ravi Chowdary,ECE,ECE-VLSI,1,C,ravi.chowdary6@bvc.edu.in,9954066677
20B81AEC81C05,Priya Das,ECE,ECE-VLSI,1,C,priya.das48@bvc.edu.in,9304768802
20B81AEC82A01,Ganesh Reddy,ECE,ECE-VLSI,2,A,ganesh.reddy42@bvc.edu.in,9699745129
20B81AEC82A02,Teja Goud,ECE,ECE-VLSI,2,A,teja.goud3@bvc.edu.in,9799196663
20B81AEC82A03,Suresh Das,ECE,ECE-VLSI,2,A,suresh.das29@bvc.edu.in,9417111431
20B81AEC82A04,Naveen Sharma,ECE,ECE-VLSI,2,A,naveen.sharma79@bvc.edu.in,9224336674
20B81AEC82A05,Kiran Singh,ECE,ECE-VLSI,2,A,kiran.singh14@bvc.edu.in,9223563225
20B81AEC82B01,Swathi Singh,ECE,ECE-VLSI,2,B,swathi.singh35@bvc.edu.in,9452261112
20B81AEC82B02,Ganesh Goud,ECE,ECE-VLSI,2,B,ganesh.goud89@bvc.edu.in,9865281192
20B81AEC82B03,Karthik Murthy,ECE,ECE-VLSI,2,B,karthik.murthy11@bvc.edu.in,9953085056
20B81AEC82B04,Charan Naidu,ECE,ECE-VLSI,2,B,charan.naidu24@bvc.edu.in,9706193603
20B81AEC82B05,Hari Chowdary,ECE,ECE-VLSI,2,B,hari.chowdary74@bvc.edu.in,9463913465
20B81AEC82C01,Vamshi Rao,ECE,ECE-VLSI,2,C,vamshi.rao51@bvc.edu.in,9726458183
20B81AEC82C02,Eshwar Naidu,ECE,ECE-VLSI,2,C,eshwar.naidu36@bvc.edu.in,9427283407
20B81AEC82C03,Uday Kumar,ECE,ECE-VLSI,2,C,uday.kumar51@bvc.edu.in,9529594381
20B81AEC82C04,Kiran Reddy,ECE,ECE-VLSI,2,C,kiran.reddy24@bvc.edu.in,9528509954
20B81AEC82C05,Suresh Kumar,ECE,ECE-VLSI,2,C,suresh.kumar12@bvc.edu.in,9544092631
20B81AEC83A01,Prashanth Chowdary,ECE,ECE-VLSI,3,A,prashanth.chowdary79@bvc.edu.in,9836819189
20B81AEC83A02,Swathi Chowdary,ECE,ECE-VLSI,3,A,swathi.chowdary57@bvc.edu.in,9870407912
20B81AEC83A03,Kiran Kumar,ECE,ECE-VLSI,3,A,kiran.kumar91@bvc.edu.in,9669671956
20B81AEC83A04,Rahul Nair,ECE,ECE-VLSI,3,A,rahul.nair32@bvc.edu.in,9681736593
20B81AEC83A05,Kiran Murthy,ECE,ECE-VLSI,3,A,kiran.murthy55@bvc.edu.in,9224018742
20B81AEC83B01,Bhavya Kumar,ECE,ECE-VLSI,3,B,bhavya.kumar71@bvc.edu.in,9785627595
20B81AEC83B02,Anita Nair,ECE,ECE-VLSI,3,B,anita.nair95@bvc.edu.in,9119464052
20B81AEC83B03,Jaya Reddy,ECE,ECE-VLSI,3,B,jaya.reddy1@bvc.edu.in,9656386981
20B81AEC83B04,Indira Kumar,ECE,ECE-VLSI,3,B,indira.kumar84@bvc.edu.in,9304275199
20B81AEC83B05,Swathi Singh,ECE,ECE-VLSI,3,B,swathi.singh0@bvc.edu.in,9638190726
20B81AEC83C01,Eshwar Naidu,ECE,ECE-VLSI,3,C,eshwar.naidu16@bvc.edu.in,9686727632
20B81AEC83C02,Indira Patil,ECE,ECE-VLSI,3,C,indira.patil37@bvc.edu.in,9233968741
20B81AEC83C03,Bhavya Singh,ECE,ECE-VLSI,3,C,bhavya.singh78@bvc.edu.in,9956568548
20B81AEC83C04,Lakshmi Patil,ECE,ECE-VLSI,3,C,lakshmi.patil23@bvc.edu.in,9202597981
20B81AEC83C05,Prashanth Rao,ECE,ECE-VLSI,3,C,prashanth.rao19@bvc.edu.in,9567239688
20B81AEC84A01,Jaya Yadav,ECE,ECE-VLSI,4,A,jaya.yadav89@bvc.edu.in,9753053195
20B81AEC84A02,Farooq Yadav,ECE,ECE-VLSI,4,A,farooq.yadav47@bvc.edu.in,9645026615
20B81AEC84A03,Dinesh Singh,ECE,ECE-VLSI,4,A,dinesh.singh10@bvc.edu.in,9720190354
20B81AEC84A04,Bhavya Chowdary,ECE,ECE-VLSI,4,A,bhavya.chowdary47@bvc.edu.in,9283618535
20B81AEC84A05,Dinesh Naidu,ECE,ECE-VLSI,4,A,dinesh.naidu53@bvc.edu.in,9873922352
20B81AEC84B01,Indira Singh,ECE,ECE-VLSI,4,B,indira.singh95@bvc.edu.in,9529100355
20B81AEC84B02,Eshwar Nair,ECE,ECE-VLSI,4,B,eshwar.nair96@bvc.edu.in,9434793900
20B81AEC84B03,Naveen Sharma,ECE,ECE-VLSI,4,B,naveen.sharma48@bvc.edu.in,9797240513
20B81AEC84B04,Yasmin Nair,ECE,ECE-VLSI,4,B,yasmin.nair6@bvc.edu.in,9525884750
20B81AEC84B05,Vamshi Patil,ECE,ECE-VLSI,4,B,vamshi.patil82@bvc.edu.in,9762034009
20B81AEC84C01,Farooq Das,ECE,ECE-VLSI,4,C,farooq.das9@bvc.edu.in,9552111468
20B81AEC84C02,Hari Reddy,ECE,ECE-VLSI,4,C,hari.reddy91@bvc.edu.in,9816528226
20B81AEC84C03,Suresh Goud,ECE,ECE-VLSI,4,C,suresh.goud73@bvc.edu.in,9740425742
20B81AEC84C04,Teja Das,ECE,ECE-VLSI,4,C,teja.das18@bvc.edu.in,9162369184
20B81AEC84C05,Uday Sharma,ECE,ECE-VLSI,4,C,uday.sharma92@bvc.edu.in,9308288205
20B81AEE91A01,Farooq Singh,EEE,EEE-CORE,1,A,farooq.singh10@bvc.edu.in,9939554519
20B81AEE91A02,Omkar Yadav,EEE,EEE-CORE,1,A,omkar.yadav96@bvc.edu.in,9214440470
20B81AEE91A03,Uday Goud,EEE,EEE-CORE,1,A,uday.goud91@bvc.edu.in,9982478695
20B81AEE91A04,Jaya Yadav,EEE,EEE-CORE,1,A,jaya.yadav80@bvc.edu.in,9637903603
20B81AEE91A05,Yasmin Das,EEE,EEE-CORE,1,A,yasmin.das66@bvc.edu.in,9388107465
20B81AEE91B01,Charan Singh,EEE,EEE-CORE,1,B,charan.singh0@bvc.edu.in,9917768870
20B81AEE91B02,Uday Reddy,EEE,EEE-CORE,1,B,uday.reddy28@bvc.edu.in,9362702637
20B81AEE91B03,Farooq Das,EEE,EEE-CORE,1,B,farooq.das32@bvc.edu.in,9395814692
20B81AEE91B04,Qasim Naidu,EEE,EEE-CORE,1,B,qasim.naidu60@bvc.edu.in,9171045171
20B81AEE91B05,Ravi Patil,EEE,EEE-CORE,1,B,ravi.patil71@bvc.edu.in,9476375995
20B81AEE91C01,Indira Rao,EEE,EEE-CORE,1,C,indira.rao67@bvc.edu.in,9469321140
20B81AEE91C02,Jaya Das,EEE,EEE-CORE,1,C,jaya.das21@bvc.edu.in,9719799748
20B81AEE91C03,Lakshmi Reddy,EEE,EEE-CORE,1,C,lakshmi.reddy43@bvc.edu.in,9628302150
20B81AEE91C04,Suresh Murthy,EEE,EEE-CORE,1,C,suresh.murthy58@bvc.edu.in,9464170823
20B81AEE91C05,Hari Goud,EEE,EEE-CORE,1,C,hari.goud66@bvc.edu.in,9483814810
20B81AEE92A01,Uday Sharma,EEE,EEE-CORE,2,A,uday.sharma12@bvc.edu.in,9178429205
20B81AEE92A02,Uday Rao,EEE,EEE-CORE,2,A,uday.rao54@bvc.edu.in,9906037192
20B81AEE92A03,Ravi Chowdary,EEE,EEE-CORE,2,A,ravi.chowdary39@bvc.edu.in,9707884616
20B81AEE92A04,Anita Rao,EEE,EEE-CORE,2,A,anita.rao79@bvc.edu.in,9443611352
20B81AEE92A05,Ravi Reddy,EEE,EEE-CORE,2,A,ravi.reddy30@bvc.edu.in,9874374515
20B81AEE92B01,Anita Singh,EEE,EEE-CORE,2,B,anita.singh37@bvc.edu.in,9296396475
20B81AEE92B02,Jaya Patil,EEE,EEE-CORE,2,B,jaya.patil76@bvc.edu.in,9123303415
20B81AEE92B03,Lakshmi Chowdary,EEE,EEE-CORE,2,B,lakshmi.chowdary38@bvc.edu.in,9737334419
20B81AEE92B04,Hari Goud,EEE,EEE-CORE,2,B,hari.goud59@bvc.edu.in,9836557428
20B81AEE92B05,Lakshmi Goud,EEE,EEE-CORE,2,B,lakshmi.goud75@bvc.edu.in,9393902304
20B81AEE92C01,Eshwar Yadav,EEE,EEE-CORE,2,C,eshwar.yadav62@bvc.edu.in,9237178372
20B81AEE92C02,Dinesh Sharma,EEE,EEE-CORE,2,C,dinesh.sharma79@bvc.edu.in,9207620734
20B81AEE92C03,Teja Murthy,EEE,EEE-CORE,2,C,teja.murthy40@bvc.edu.in,9908791098
20B81AEE92C04,Swathi Sharma,EEE,EEE-CORE,2,C,swathi.sharma59@bvc.edu.in,9920507524
20B81AEE92C05,Lakshmi Das,EEE,EEE-CORE,2,C,lakshmi.das88@bvc.edu.in,9720421615
20B81AEE93A01,Qasim Chowdary,EEE,EEE-CORE,3,A,qasim.chowdary65@bvc.edu.in,9104331354
20B81AEE93A02,Anita Sharma,EEE,EEE-CORE,3,A,anita.sharma74@bvc.edu.in,9835284719
20B81AEE93A03,Omkar Murthy,EEE,EEE-CORE,3,A,omkar.murthy74@bvc.edu.in,9259451243
20B81AEE93A04,Dinesh Sharma,EEE,EEE-CORE,3,A,dinesh.sharma0@bvc.edu.in,9732183217
20B81AEE93A05,Vamshi Patil,EEE,EEE-CORE,3,A,vamshi.patil40@bvc.edu.in,9660878190
20B81AEE93B01,Zahir Patil,EEE,EEE-CORE,3,B,zahir.patil22@bvc.edu.in,9363161094
20B81AEE93B02,Uday Yadav,EEE,EEE-CORE,3,B,uday.yadav9@bvc.edu.in,9245378582
20B81AEE93B03,Suresh Yadav,EEE,EEE-CORE,3,B,suresh.yadav49@bvc.edu.in,9725075433
20B81AEE93B04,Charan Das,EEE,EEE-CORE,3,B,charan.das11@bvc.edu.in,9898932239
20B81AEE93B05,Qasim Kumar,EEE,EEE-CORE,3,B,qasim.kumar59@bvc.edu.in,9780226811
20B81AEE93C01,Anita Reddy,EEE,EEE-CORE,3,C,anita.reddy19@bvc.edu.in,9135505392
20B81AEE93C02,Dinesh Naidu,EEE,EEE-CORE,3,C,dinesh.naidu11@bvc.edu.in,9726354799
20B81AEE93C03,Rahul Sharma,EEE,EEE-CORE,3,C,rahul.sharma51@bvc.edu.in,9820498035
20B81AEE93C04,Kiran Nair,EEE,EEE-CORE,3,C,kiran.nair80@bvc.edu.in,9915958649
20B81AEE93C05,Qasim Singh,EEE,EEE-CORE,3,C,qasim.singh40@bvc.edu.in,9791662137
20B81AEE94A01,Naveen Murthy,EEE,EEE-CORE,4,A,naveen.murthy66@bvc.edu.in,9167268229
20B81AEE94A02,Rahul Chowdary,EEE,EEE-CORE,4,A,rahul.chowdary95@bvc.edu.in,9531866125
20B81AEE94A03,Mahesh Kumar,EEE,EEE-CORE,4,A,mahesh.kumar25@bvc.edu.in,9912152241
20B81AEE94A04,Eshwar Murthy,EEE,EEE-CORE,4,A,eshwar.murthy32@bvc.edu.in,9480509631
20B81AEE94A05,Yasmin Reddy,EEE,EEE-CORE,4,A,yasmin.reddy33@bvc.edu.in,9539227839
20B81AEE94B01,Charan Goud,EEE,EEE-CORE,4,B,charan.goud96@bvc.edu.in,9415352266
20B81AEE94B02,Priya Nair,EEE,EEE-CORE,4,B,priya.nair65@bvc.edu.in,9312271244
20B81AEE94B03,Qasim Reddy,EEE,EEE-CORE,4,B,qasim.reddy26@bvc.edu.in,9823800382
20B81AEE94B04,Teja Das,EEE,EEE-CORE,4,B,teja.das1@bvc.edu.in,9476313039
20B81AEE94B05,Teja Chowdary,EEE,EEE-CORE,4,B,teja.chowdary29@bvc.edu.in,9759938059
20B81AEE94C01,Swathi Kumar,EEE,EEE-CORE,4,C,swathi.kumar62@bvc.edu.in,9459158489
20B81AEE94C02,Bhavya Goud,EEE,EEE-CORE,4,C,bhavya.goud83@bvc.edu.in,9498818426
20B81AEE94C03,Qasim Reddy,EEE,EEE-CORE,4,C,qasim.reddy24@bvc.edu.in,9600584607
20B81AEE94C04,Lakshmi Yadav,EEE,EEE-CORE,4,C,lakshmi.yadav33@bvc.edu.in,9231146380
20B81AEE94C05,Dinesh Goud,EEE,EEE-CORE,4,C,dinesh.goud0@bvc.edu.in,9275546143
20B81AME101A01,Charan Nair,ME,ME-CORE,1,A,charan.nair67@bvc.edu.in,9277821808
20B81AME101A02,Rahul Das,ME,ME-CORE,1,A,rahul.das56@bvc.edu.in,9568857631
20B81AME101A03,Qasim Patil,ME,ME-CORE,1,A,qasim.patil32@bvc.edu.in,9151780263
20B81AME101A04,Zahir Singh,ME,ME-CORE,1,A,zahir.singh63@bvc.edu.in,9169135657
20B81AME101A05,Uday Yadav,ME,ME-CORE,1,A,uday.yadav44@bvc.edu.in,9826334268
20B81AME101B01,Swathi Kumar,ME,ME-CORE,1,B,swathi.kumar99@bvc.edu.in,9958946876
20B81AME101B02,Hari Kumar,ME,ME-CORE,1,B,hari.kumar46@bvc.edu.in,9917891865
20B81AME101B03,Vamshi Goud,ME,ME-CORE,1,B,vamshi.goud33@bvc.edu.in,9263319487
20B81AME101B04,Kiran Naidu,ME,ME-CORE,1,B,kiran.naidu29@bvc.edu.in,9410293645
20B81AME101B05,Karthik Das,ME,ME-CORE,1,B,karthik.das48@bvc.edu.in,9877123760
20B81AME101C01,Farooq Yadav,ME,ME-CORE,1,C,farooq.yadav93@bvc.edu.in,9621189991
20B81AME101C02,Uday Chowdary,ME,ME-CORE,1,C,uday.chowdary19@bvc.edu.in,9830922068
20B81AME101C03,Charan Sharma,ME,ME-CORE,1,C,charan.sharma25@bvc.edu.in,9186578842
20B81AME101C04,Suresh Murthy,ME,ME-CORE,1,C,suresh.murthy13@bvc.edu.in,9986467291
20B81AME101C05,Dinesh Das,ME,ME-CORE,1,C,dinesh.das62@bvc.edu.in,9210655437
20B81AME102A01,Karthik Rao,ME,ME-CORE,2,A,karthik.rao43@bvc.edu.in,9640548341
20B81AME102A02,Rahul Rao,ME,ME-CORE,2,A,rahul.rao36@bvc.edu.in,9131982383
20B81AME102A03,Suresh Chowdary,ME,ME-CORE,2,A,suresh.chowdary32@bvc.edu.in,9901349769
20B81AME102A04,Prashanth Sharma,ME,ME-CORE,2,A,prashanth.sharma69@bvc.edu.in,9762030357
20B81AME102A05,Anita Kumar,ME,ME-CORE,2,A,anita.kumar24@bvc.edu.in,9743498166
20B81AME102B01,Qasim Yadav,ME,ME-CORE,2,B,qasim.yadav88@bvc.edu.in,9125102079
20B81AME102B02,Yasmin Murthy,ME,ME-CORE,2,B,yasmin.murthy19@bvc.edu.in,9212587864
20B81AME102B03,Indira Nair,ME,ME-CORE,2,B,indira.nair63@bvc.edu.in,9704973959
20B81AME102B04,Farooq Chowdary,ME,ME-CORE,2,B,farooq.chowdary57@bvc.edu.in,9596426184
20B81AME102B05,Yasmin Reddy,ME,ME-CORE,2,B,yasmin.reddy29@bvc.edu.in,9928552134
20B81AME102C01,Hari Kumar,ME,ME-CORE,2,C,hari.kumar60@bvc.edu.in,9399047195
20B81AME102C02,Yasmin Singh,ME,ME-CORE,2,C,yasmin.singh10@bvc.edu.in,9314631714
20B81AME102C03,Vamshi Naidu,ME,ME-CORE,2,C,vamshi.naidu32@bvc.edu.in,9978027317
20B81AME102C04,Lakshmi Chowdary,ME,ME-CORE,2,C,lakshmi.chowdary34@bvc.edu.in,9248093124
20B81AME102C05,Ganesh Chowdary,ME,ME-CORE,2,C,ganesh.chowdary87@bvc.edu.in,9483612855
20B81AME103A01,Omkar Chowdary,ME,ME-CORE,3,A,omkar.chowdary17@bvc.edu.in,9874668585
20B81AME103A02,Anita Naidu,ME,ME-CORE,3,A,anita.naidu37@bvc.edu.in,9723158665
20B81AME103A03,Vamshi Yadav,ME,ME-CORE,3,A,vamshi.yadav98@bvc.edu.in,9315477233
20B81AME103A04,Farooq Goud,ME,ME-CORE,3,A,farooq.goud94@bvc.edu.in,9472589732
20B81AME103A05,Ravi Naidu,ME,ME-CORE,3,A,ravi.naidu50@bvc.edu.in,9193825701
20B81AME103B01,Lakshmi Naidu,ME,ME-CORE,3,B,lakshmi.naidu74@bvc.edu.in,9523157914
20B81AME103B02,Hari Yadav,ME,ME-CORE,3,B,hari.yadav25@bvc.edu.in,9611459525
20B81AME103B03,Ravi Patil,ME,ME-CORE,3,B,ravi.patil5@bvc.edu.in,9648293174
20B81AME103B04,Naveen Nair,ME,ME-CORE,3,B,naveen.nair59@bvc.edu.in,9860258808
20B81AME103B05,Farooq Rao,ME,ME-CORE,3,B,farooq.rao48@bvc.edu.in,9868315190
20B81AME103C01,Indira Nair,ME,ME-CORE,3,C,indira.nair35@bvc.edu.in,9472080519
20B81AME103C02,Uday Patil,ME,ME-CORE,3,C,uday.patil96@bvc.edu.in,9421864866
20B81AME103C03,Hari Patil,ME,ME-CORE,3,C,hari.patil33@bvc.edu.in,9271528041
20B81AME103C04,Rahul Patil,ME,ME-CORE,3,C,rahul.patil41@bvc.edu.in,9848899780
20B81AME103C05,Vamshi Rao,ME,ME-CORE,3,C,vamshi.rao34@bvc.edu.in,9427957159
20B81AME104A01,Farooq Murthy,ME,ME-CORE,4,A,farooq.murthy13@bvc.edu.in,9733451128
20B81AME104A02,Kiran Sharma,ME,ME-CORE,4,A,kiran.sharma39@bvc.edu.in,9156757515
20B81AME104A03,Prashanth Goud,ME,ME-CORE,4,A,prashanth.goud61@bvc.edu.in,9642278026
20B81AME104A04,Jaya Sharma,ME,ME-CORE,4,A,jaya.sharma72@bvc.edu.in,9874292403
20B81AME104A05,Anita Kumar,ME,ME-CORE,4,A,anita.kumar65@bvc.edu.in,9984599875
20B81AME104B01,Indira Yadav,ME,ME-CORE,4,B,indira.yadav9@bvc.edu.in,9982545287
20B81AME104B02,Naveen Yadav,ME,ME-CORE,4,B,naveen.yadav86@bvc.edu.in,9755635610
20B81AME104B03,Dinesh Patil,ME,ME-CORE,4,B,dinesh.patil76@bvc.edu.in,9842778380
20B81AME104B04,Ganesh Nair,ME,ME-CORE,4,B,ganesh.nair82@bvc.edu.in,9306819996
20B81AME104B05,Zahir Kumar,ME,ME-CORE,4,B,zahir.kumar99@bvc.edu.in,9636412867
20B81AME104C01,Farooq Yadav,ME,ME-CORE,4,C,farooq.yadav46@bvc.edu.in,9358377792
20B81AME104C02,Suresh Reddy,ME,ME-CORE,4,C,suresh.reddy61@bvc.edu.in,9218494597
20B81AME104C03,Lakshmi Das,ME,ME-CORE,4,C,lakshmi.das1@bvc.edu.in,9441737961
20B81AME104C04,Omkar Das,ME,ME-CORE,4,C,omkar.das56@bvc.edu.in,9116119781
20B81AME104C05,Ravi Sharma,ME,ME-CORE,4,C,ravi.sharma4@bvc.edu.in,9719730151
20B81ACI111A01,Eshwar Rao,CIVIL,CIVIL-CORE,1,A,eshwar.rao90@bvc.edu.in,9164855791
20B81ACI111A02,Mahesh Das,CIVIL,CIVIL-CORE,1,A,mahesh.das93@bvc.edu.in,9669574339
20B81ACI111A03,Yasmin Singh,CIVIL,CIVIL-CORE,1,A,yasmin.singh83@bvc.edu.in,9930863486
20B81ACI111A04,Hari Goud,CIVIL,CIVIL-CORE,1,A,hari.goud94@bvc.edu.in,9777241214
20B81ACI111A05,Prashanth Patil,CIVIL,CIVIL-CORE,1,A,prashanth.patil63@bvc.edu.in,9347578891
20B81ACI111B01,Naveen Singh,CIVIL,CIVIL-CORE,1,B,naveen.singh1@bvc.edu.in,9265343587
20B81ACI111B02,Suresh Naidu,CIVIL,CIVIL-CORE,1,B,suresh.naidu50@bvc.edu.in,9283695249
20B81ACI111B03,Suresh Rao,CIVIL,CIVIL-CORE,1,B,suresh.rao69@bvc.edu.in,9657098822
20B81ACI111B04,Priya Naidu,CIVIL,CIVIL-CORE,1,B,priya.naidu92@bvc.edu.in,9649734838
20B81ACI111B05,Dinesh Naidu,CIVIL,CIVIL-CORE,1,B,dinesh.naidu88@bvc.edu.in,9489146137
20B81ACI111C01,Charan Murthy,CIVIL,CIVIL-CORE,1,C,charan.murthy35@bvc.edu.in,9651232377
20B81ACI111C02,Indira Singh,CIVIL,CIVIL-CORE,1,C,indira.singh6@bvc.edu.in,9764196496
20B81ACI111C03,Suresh Patil,CIVIL,CIVIL-CORE,1,C,suresh.patil20@bvc.edu.in,9867854595
20B81ACI111C04,Yasmin Nair,CIVIL,CIVIL-CORE,1,C,yasmin.nair73@bvc.edu.in,9828698105
20B81ACI111C05,Swathi Sharma,CIVIL,CIVIL-CORE,1,C,swathi.sharma92@bvc.edu.in,9388597178
20B81ACI112A01,Lakshmi Patil,CIVIL,CIVIL-CORE,2,A,lakshmi.patil33@bvc.edu.in,9539145357
20B81ACI112A02,Vamshi Nair,CIVIL,CIVIL-CORE,2,A,vamshi.nair69@bvc.edu.in,9129950225
20B81ACI112A03,Jaya Nair,CIVIL,CIVIL-CORE,2,A,jaya.nair24@bvc.edu.in,9332505631
20B81ACI112A04,Lakshmi Goud,CIVIL,CIVIL-CORE,2,A,lakshmi.goud3@bvc.edu.in,9323124034
20B81ACI112A05,Anita Singh,CIVIL,CIVIL-CORE,2,A,anita.singh82@bvc.edu.in,9295796249
20B81ACI112B01,Teja Murthy,CIVIL,CIVIL-CORE,2,B,teja.murthy2@bvc.edu.in,9967538208
20B81ACI112B02,Naveen Singh,CIVIL,CIVIL-CORE,2,B,naveen.singh26@bvc.edu.in,9640473204
20B81ACI112B03,Anita Reddy,CIVIL,CIVIL-CORE,2,B,anita.reddy78@bvc.edu.in,9368075580
20B81ACI112B04,Lakshmi Murthy,CIVIL,CIVIL-CORE,2,B,lakshmi.murthy31@bvc.edu.in,9280305556
20B81ACI112B05,Farooq Reddy,CIVIL,CIVIL-CORE,2,B,farooq.reddy62@bvc.edu.in,9665735303
20B81ACI112C01,Omkar Murthy,CIVIL,CIVIL-CORE,2,C,omkar.murthy10@bvc.edu.in,9386636053
20B81ACI112C02,Karthik Yadav,CIVIL,CIVIL-CORE,2,C,karthik.yadav64@bvc.edu.in,9274661610
20B81ACI112C03,Priya Chowdary,CIVIL,CIVIL-CORE,2,C,priya.chowdary55@bvc.edu.in,9536465514
20B81ACI112C04,Swathi Das,CIVIL,CIVIL-CORE,2,C,swathi.das15@bvc.edu.in,9518465434
20B81ACI112C05,Ravi Murthy,CIVIL,CIVIL-CORE,2,C,ravi.murthy74@bvc.edu.in,9842289602
20B81ACI113A01,Bhavya Singh,CIVIL,CIVIL-CORE,3,A,bhavya.singh45@bvc.edu.in,9335765373
20B81ACI113A02,Lakshmi Murthy,CIVIL,CIVIL-CORE,3,A,lakshmi.murthy77@bvc.edu.in,9813061923
20B81ACI113A03,Ganesh Goud,CIVIL,CIVIL-CORE,3,A,ganesh.goud29@bvc.edu.in,9522807836
20B81ACI113A04,Eshwar Reddy,CIVIL,CIVIL-CORE,3,A,eshwar.reddy17@bvc.edu.in,9787956561
20B81ACI113A05,Lakshmi Reddy,CIVIL,CIVIL-CORE,3,A,lakshmi.reddy84@bvc.edu.in,9384398864
20B81ACI113B01,Yasmin Yadav,CIVIL,CIVIL-CORE,3,B,yasmin.yadav56@bvc.edu.in,9658065199
20B81ACI113B02,Karthik Reddy,CIVIL,CIVIL-CORE,3,B,karthik.reddy57@bvc.edu.in,9853563971
20B81ACI113B03,Ravi Chowdary,CIVIL,CIVIL-CORE,3,B,ravi.chowdary63@bvc.edu.in,9385708534
20B81ACI113B04,Omkar Reddy,CIVIL,CIVIL-CORE,3,B,omkar.reddy22@bvc.edu.in,9515893273
20B81ACI113B05,Karthik Kumar,CIVIL,CIVIL-CORE,3,B,karthik.kumar19@bvc.edu.in,9961161497
20B81ACI113C01,Yasmin Reddy,CIVIL,CIVIL-CORE,3,C,yasmin.reddy73@bvc.edu.in,9377141387
20B81ACI113C02,Karthik Murthy,CIVIL,CIVIL-CORE,3,C,karthik.murthy96@bvc.edu.in,9450647685
20B81ACI113C03,Yasmin Murthy,CIVIL,CIVIL-CORE,3,C,yasmin.murthy51@bvc.edu.in,9262198593
20B81ACI113C04,Dinesh Nair,CIVIL,CIVIL-CORE,3,C,dinesh.nair50@bvc.edu.in,9261017540
20B81ACI113C05,Dinesh Naidu,CIVIL,CIVIL-CORE,3,C,dinesh.naidu2@bvc.edu.in,9977595571
20B81ACI114A01,Ravi Singh,CIVIL,CIVIL-CORE,4,A,ravi.singh35@bvc.edu.in,9967197058
20B81ACI114A02,Charan Murthy,CIVIL,CIVIL-CORE,4,A,charan.murthy10@bvc.edu.in,9789685228
20B81ACI114A03,Yasmin Sharma,CIVIL,CIVIL-CORE,4,A,yasmin.sharma10@bvc.edu.in,9991563783
20B81ACI114A04,Ravi Goud,CIVIL,CIVIL-CORE,4,A,ravi.goud99@bvc.edu.in,9654609897
20B81ACI114A05,Ganesh Rao,CIVIL,CIVIL-CORE,4,A,ganesh.rao55@bvc.edu.in,9500021508
20B81ACI114B01,Indira Murthy,CIVIL,CIVIL-CORE,4,B,indira.murthy90@bvc.edu.in,9221784105
20B81ACI114B02,Lakshmi Patil,CIVIL,CIVIL-CORE,4,B,lakshmi.patil42@bvc.edu.in,9883775260
20B81ACI114B03,Vamshi Chowdary,CIVIL,CIVIL-CORE,4,B,vamshi.chowdary92@bvc.edu.in,9720622487
20B81ACI114B04,Teja Reddy,CIVIL,CIVIL-CORE,4,B,teja.reddy38@bvc.edu.in,9467145818
20B81ACI114B05,Charan Goud,CIVIL,CIVIL-CORE,4,B,charan.goud6@bvc.edu.in,9544903906
20B81ACI114C01,Vamshi Patil,CIVIL,CIVIL-CORE,4,C,vamshi.patil65@bvc.edu.in,9194796016
20B81ACI114C02,Uday Nair,CIVIL,CIVIL-CORE,4,C,uday.nair22@bvc.edu.in,9671361523
20B81ACI114C03,Teja Rao,CIVIL,CIVIL-CORE,4,C,teja.rao50@bvc.edu.in,9907873753
20B81ACI114C04,Rahul Singh,CIVIL,CIVIL-CORE,4,C,rahul.singh24@bvc.edu.in,9132458265
20B81ACI114C05,Bhavya Singh,CIVIL,CIVIL-CORE,4,C,bhavya.singh10@bvc.edu.in,9116278204
20B81AMB121A01,Teja Kumar,MBA,MBA-FIN,1,A,teja.kumar7@bvc.edu.in,9709352456
20B81AMB121A02,Yasmin Murthy,MBA,MBA-FIN,1,A,yasmin.murthy67@bvc.edu.in,9709563743
20B81AMB121A03,Qasim Singh,MBA,MBA-FIN,1,A,qasim.singh42@bvc.edu.in,9714244906
20B81AMB121A04,Lakshmi Patil,MBA,MBA-FIN,1,A,lakshmi.patil98@bvc.edu.in,9552476337
20B81AMB121A05,Ravi Sharma,MBA,MBA-FIN,1,A,ravi.sharma66@bvc.edu.in,9437476169
20B81AMB121B01,Dinesh Naidu,MBA,MBA-FIN,1,B,dinesh.naidu40@bvc.edu.in,9142530182
20B81AMB121B02,Karthik Goud,MBA,MBA-FIN,1,B,karthik.goud5@bvc.edu.in,9650943221
20B81AMB121B03,Qasim Patil,MBA,MBA-FIN,1,B,qasim.patil90@bvc.edu.in,9998814514
20B81AMB121B04,Hari Reddy,MBA,MBA-FIN,1,B,hari.reddy38@bvc.edu.in,9598975409
20B81AMB121B05,Karthik Kumar,MBA,MBA-FIN,1,B,karthik.kumar55@bvc.edu.in,9903641889
20B81AMB121C01,Lakshmi Goud,MBA,MBA-FIN,1,C,lakshmi.goud56@bvc.edu.in,9596751073
20B81AMB121C02,Uday Sharma,MBA,MBA-FIN,1,C,uday.sharma95@bvc.edu.in,9378587599
20B81AMB121C03,Yasmin Murthy,MBA,MBA-FIN,1,C,yasmin.murthy59@bvc.edu.in,9240902914
20B81AMB121C04,Charan Yadav,MBA,MBA-FIN,1,C,charan.yadav75@bvc.edu.in,9823674442
20B81AMB121C05,Uday Rao,MBA,MBA-FIN,1,C,uday.rao5@bvc.edu.in,9403737117
20B81AMB122A01,Lakshmi Goud,MBA,MBA-FIN,2,A,lakshmi.goud6@bvc.edu.in,9812605567
20B81AMB122A02,Bhavya Reddy,MBA,MBA-FIN,2,A,bhavya.reddy98@bvc.edu.in,9907169721
20B81AMB122A03,Mahesh Das,MBA,MBA-FIN,2,A,mahesh.das75@bvc.edu.in,9543500736
20B81AMB122A04,Ganesh Singh,MBA,MBA-FIN,2,A,ganesh.singh39@bvc.edu.in,9147863145
20B81AMB122A05,Teja Chowdary,MBA,MBA-FIN,2,A,teja.chowdary1@bvc.edu.in,9471732058
20B81AMB122B01,Qasim Yadav,MBA,MBA-FIN,2,B,qasim.yadav26@bvc.edu.in,9672898204
20B81AMB122B02,Priya Patil,MBA,MBA-FIN,2,B,priya.patil15@bvc.edu.in,9506161121
20B81AMB122B03,Uday Naidu,MBA,MBA-FIN,2,B,uday.naidu33@bvc.edu.in,9543473358
20B81AMB122B04,Hari Naidu,MBA,MBA-FIN,2,B,hari.naidu25@bvc.edu.in,9549754881
20B81AMB122B05,Qasim Chowdary,MBA,MBA-FIN,2,B,qasim.chowdary9@bvc.edu.in,9100220865
20B81AMB122C01,Hari Goud,MBA,MBA-FIN,2,C,hari.goud85@bvc.edu.in,9834796805
20B81AMB122C02,Karthik Kumar,MBA,MBA-FIN,2,C,karthik.kumar7@bvc.edu.in,9479227161
20B81AMB122C03,Vamshi Singh,MBA,MBA-FIN,2,C,vamshi.singh29@bvc.edu.in,9974829619
20B81AMB122C04,Priya Rao,MBA,MBA-FIN,2,C,priya.rao13@bvc.edu.in,9341864027
20B81AMB122C05,Dinesh Goud,MBA,MBA-FIN,2,C,dinesh.goud69@bvc.edu.in,9324832636
20B81AMB123A01,Karthik Goud,MBA,MBA-FIN,3,A,karthik.goud32@bvc.edu.in,9827934045
20B81AMB123A02,Vamshi Nair,MBA,MBA-FIN,3,A,vamshi.nair87@bvc.edu.in,9493918158
20B81AMB123A03,Charan Rao,MBA,MBA-FIN,3,A,charan.rao92@bvc.edu.in,9614937916
20B81AMB123A04,Ravi Naidu,MBA,MBA-FIN,3,A,ravi.naidu26@bvc.edu.in,9666044223
20B81AMB123A05,Ravi Nair,MBA,MBA-FIN,3,A,ravi.nair16@bvc.edu.in,9636885587
20B81AMB123B01,Dinesh Singh,MBA,MBA-FIN,3,B,dinesh.singh30@bvc.edu.in,9389704824
20B81AMB123B02,Zahir Naidu,MBA,MBA-FIN,3,B,zahir.naidu81@bvc.edu.in,9841905062
20B81AMB123B03,Bhavya Sharma,MBA,MBA-FIN,3,B,bhavya.sharma79@bvc.edu.in,9819846119
20B81AMB123B04,Eshwar Nair,MBA,MBA-FIN,3,B,eshwar.nair47@bvc.edu.in,9487266016
20B81AMB123B05,Uday Yadav,MBA,MBA-FIN,3,B,uday.yadav97@bvc.edu.in,9916372108
20B81AMB123C01,Dinesh Rao,MBA,MBA-FIN,3,C,dinesh.rao98@bvc.edu.in,9631154326
20B81AMB123C02,Priya Das,MBA,MBA-FIN,3,C,priya.das69@bvc.edu.in,9598616319
20B81AMB123C03,Suresh Goud,MBA,MBA-FIN,3,C,suresh.goud99@bvc.edu.in,9502149082
20B81AMB123C04,Charan Goud,MBA,MBA-FIN,3,C,charan.goud58@bvc.edu.in,9382573861
20B81AMB123C05,Karthik Sharma,MBA,MBA-FIN,3,C,karthik.sharma19@bvc.edu.in,9728469426
20B81AMB124A01,Vamshi Kumar,MBA,MBA-FIN,4,A,vamshi.kumar6@bvc.edu.in,9645084806
20B81AMB124A02,Bhavya Das,MBA,MBA-FIN,4,A,bhavya.das31@bvc.edu.in,9871580906
20B81AMB124A03,Qasim Das,MBA,MBA-FIN,4,A,qasim.das31@bvc.edu.in,9869610658
20B81AMB124A04,Bhavya Goud,MBA,MBA-FIN,4,A,bhavya.goud69@bvc.edu.in,9615491891
20B81AMB124A05,Eshwar Yadav,MBA,MBA-FIN,4,A,eshwar.yadav90@bvc.edu.in,9673136129
20B81AMB124B01,Hari Kumar,MBA,MBA-FIN,4,B,hari.kumar4@bvc.edu.in,9138801288
20B81AMB124B02,Mahesh Kumar,MBA,MBA-FIN,4,B,mahesh.kumar47@bvc.edu.in,9561257103
20B81AMB124B03,Farooq Rao,MBA,MBA-FIN,4,B,farooq.rao53@bvc.edu.in,9274647101
20B81AMB124B04,Prashanth Kumar,MBA,MBA-FIN,4,B,prashanth.kumar61@bvc.edu.in,9207932487
20B81AMB124B05,Jaya Yadav,MBA,MBA-FIN,4,B,jaya.yadav33@bvc.edu.in,9333328979
20B81AMB124C01,Ganesh Murthy,MBA,MBA-FIN,4,C,ganesh.murthy3@bvc.edu.in,9286935039
20B81AMB124C02,Uday Rao,MBA,MBA-FIN,4,C,uday.rao4@bvc.edu.in,9698481071
20B81AMB124C03,Ravi Nair,MBA,MBA-FIN,4,C,ravi.nair84@bvc.edu.in,9922729180
20B81AMB124C04,Hari Singh,MBA,MBA-FIN,4,C,hari.singh47@bvc.edu.in,9151754489
20B81AMB124C05,Zahir Das,MBA,MBA-FIN,4,C,zahir.das32@bvc.edu.in,9561428251
20B81AMB131A01,Lakshmi Yadav,MBA,MBA-HR,1,A,lakshmi.yadav23@bvc.edu.in,9493106908
20B81AMB131A02,Vamshi Goud,MBA,MBA-HR,1,A,vamshi.goud33@bvc.edu.in,9411262366
20B81AMB131A03,Hari Nair,MBA,MBA-HR,1,A,hari.nair2@bvc.edu.in,9448881642
20B81AMB131A04,Charan Kumar,MBA,MBA-HR,1,A,charan.kumar3@bvc.edu.in,9277494968
20B81AMB131A05,Rahul Singh,MBA,MBA-HR,1,A,rahul.singh34@bvc.edu.in,9721079806
20B81AMB131B01,Suresh Chowdary,MBA,MBA-HR,1,B,suresh.chowdary73@bvc.edu.in,9185356028
20B81AMB131B02,Suresh Nair,MBA,MBA-HR,1,B,suresh.nair11@bvc.edu.in,9332167687
20B81AMB131B03,Prashanth Singh,MBA,MBA-HR,1,B,prashanth.singh21@bvc.edu.in,9290220408
20B81AMB131B04,Ganesh Rao,MBA,MBA-HR,1,B,ganesh.rao72@bvc.edu.in,9415798530
20B81AMB131B05,Charan Reddy,MBA,MBA-HR,1,B,charan.reddy2@bvc.edu.in,9571873473
20B81AMB131C01,Anita Patil,MBA,MBA-HR,1,C,anita.patil73@bvc.edu.in,9163025580
20B81AMB131C02,Dinesh Chowdary,MBA,MBA-HR,1,C,dinesh.chowdary57@bvc.edu.in,9489283750
20B81AMB131C03,Eshwar Das,MBA,MBA-HR,1,C,eshwar.das30@bvc.edu.in,9553422607
20B81AMB131C04,Kiran Yadav,MBA,MBA-HR,1,C,kiran.yadav35@bvc.edu.in,9443858717
20B81AMB131C05,Suresh Singh,MBA,MBA-HR,1,C,suresh.singh14@bvc.edu.in,9490972943
20B81AMB132A01,Indira Yadav,MBA,MBA-HR,2,A,indira.yadav0@bvc.edu.in,9372053984
20B81AMB132A02,Ravi Sharma,MBA,MBA-HR,2,A,ravi.sharma74@bvc.edu.in,9187552208
20B81AMB132A03,Naveen Patil,MBA,MBA-HR,2,A,naveen.patil5@bvc.edu.in,9926296082
20B81AMB132A04,Indira Sharma,MBA,MBA-HR,2,A,indira.sharma79@bvc.edu.in,9992161418
20B81AMB132A05,Hari Chowdary,MBA,MBA-HR,2,A,hari.chowdary2@bvc.edu.in,9325641241
20B81AMB132B01,Hari Chowdary,MBA,MBA-HR,2,B,hari.chowdary83@bvc.edu.in,9702366526
20B81AMB132B02,Uday Patil,MBA,MBA-HR,2,B,uday.patil88@bvc.edu.in,9966146155
20B81AMB132B03,Rahul Patil,MBA,MBA-HR,2,B,rahul.patil58@bvc.edu.in,9467198775
20B81AMB132B04,Qasim Kumar,MBA,MBA-HR,2,B,qasim.kumar37@bvc.edu.in,9182523254
20B81AMB132B05,Charan Sharma,MBA,MBA-HR,2,B,charan.sharma51@bvc.edu.in,9848167385
20B81AMB132C01,Uday Reddy,MBA,MBA-HR,2,C,uday.reddy39@bvc.edu.in,9606965823
20B81AMB132C02,Bhavya Murthy,MBA,MBA-HR,2,C,bhavya.murthy5@bvc.edu.in,9588993671
20B81AMB132C03,Teja Reddy,MBA,MBA-HR,2,C,teja.reddy99@bvc.edu.in,9872809242
20B81AMB132C04,Yasmin Chowdary,MBA,MBA-HR,2,C,yasmin.chowdary28@bvc.edu.in,9229973937
20B81AMB132C05,Jaya Goud,MBA,MBA-HR,2,C,jaya.goud3@bvc.edu.in,9399550583
20B81AMB133A01,Yasmin Reddy,MBA,MBA-HR,3,A,yasmin.reddy8@bvc.edu.in,9938558528
20B81AMB133A02,Ganesh Singh,MBA,MBA-HR,3,A,ganesh.singh70@bvc.edu.in,9928885399
20B81AMB133A03,Karthik Reddy,MBA,MBA-HR,3,A,karthik.reddy52@bvc.edu.in,9170019449
20B81AMB133A04,Dinesh Naidu,MBA,MBA-HR,3,A,dinesh.naidu52@bvc.edu.in,9973488950
20B81AMB133A05,Eshwar Patil,MBA,MBA-HR,3,A,eshwar.patil88@bvc.edu.in,9773675204
20B81AMB133B01,Karthik Murthy,MBA,MBA-HR,3,B,karthik.murthy53@bvc.edu.in,9987548394
20B81AMB133B02,Jaya Naidu,MBA,MBA-HR,3,B,jaya.naidu27@bvc.edu.in,9500457385
20B81AMB133B03,Teja Murthy,MBA,MBA-HR,3,B,teja.murthy80@bvc.edu.in,9473845681
20B81AMB133B04,Zahir Yadav,MBA,MBA-HR,3,B,zahir.yadav84@bvc.edu.in,9373100829
20B81AMB133B05,Teja Naidu,MBA,MBA-HR,3,B,teja.naidu38@bvc.edu.in,9954099022
20B81AMB133C01,Omkar Singh,MBA,MBA-HR,3,C,omkar.singh5@bvc.edu.in,9852941067
20B81AMB133C02,Anita Yadav,MBA,MBA-HR,3,C,anita.yadav23@bvc.edu.in,9996195279
20B81AMB133C03,Swathi Kumar,MBA,MBA-HR,3,C,swathi.kumar83@bvc.edu.in,9976526810
20B81AMB133C04,Indira Nair,MBA,MBA-HR,3,C,indira.nair21@bvc.edu.in,9766159910
20B81AMB133C05,Jaya Kumar,MBA,MBA-HR,3,C,jaya.kumar75@bvc.edu.in,9974985187
20B81AMB134A01,Vamshi Sharma,MBA,MBA-HR,4,A,vamshi.sharma76@bvc.edu.in,9851906341
20B81AMB134A02,Zahir Naidu,MBA,MBA-HR,4,A,zahir.naidu16@bvc.edu.in,9728755703
20B81AMB134A03,Zahir Rao,MBA,MBA-HR,4,A,zahir.rao80@bvc.edu.in,9445688451
20B81AMB134A04,Priya Yadav,MBA,MBA-HR,4,A,priya.yadav85@bvc.edu.in,9168885717
20B81AMB134A05,Naveen Goud,MBA,MBA-HR,4,A,naveen.goud82@bvc.edu.in,9538117400
20B81AMB134B01,Vamshi Goud,MBA,MBA-HR,4,B,vamshi.goud30@bvc.edu.in,9512000141
20B81AMB134B02,Zahir Sharma,MBA,MBA-HR,4,B,zahir.sharma91@bvc.edu.in,9185617065
20B81AMB134B03,Naveen Yadav,MBA,MBA-HR,4,B,naveen.yadav97@bvc.edu.in,9697925328
20B81AMB134B04,Lakshmi Das,MBA,MBA-HR,4,B,lakshmi.das12@bvc.edu.in,9139575664
20B81AMB134B05,Naveen Reddy,MBA,MBA-HR,4,B,naveen.reddy18@bvc.edu.in,9231797747
20B81AMB134C01,Lakshmi Sharma,MBA,MBA-HR,4,C,lakshmi.sharma41@bvc.edu.in,9417568309
20B81AMB134C02,Karthik Kumar,MBA,MBA-HR,4,C,karthik.kumar78@bvc.edu.in,9921009062
20B81AMB134C03,Jaya Chowdary,MBA,MBA-HR,4,C,jaya.chowdary20@bvc.edu.in,9321562324
20B81AMB134C04,Mahesh Yadav,MBA,MBA-HR,4,C,mahesh.yadav27@bvc.edu.in,9900769770
20B81AMB134C05,Indira Goud,MBA,MBA-HR,4,C,indira.goud46@bvc.edu.in,9396678353
20B81AMC141A01,Ganesh Murthy,MCA,MCA-CORE,1,A,ganesh.murthy50@bvc.edu.in,9964356938
20B81AMC141A02,Uday Singh,MCA,MCA-CORE,1,A,uday.singh81@bvc.edu.in,9301672327
20B81AMC141A03,Ganesh Goud,MCA,MCA-CORE,1,A,ganesh.goud45@bvc.edu.in,9624973692
20B81AMC141A04,Karthik Murthy,MCA,MCA-CORE,1,A,karthik.murthy46@bvc.edu.in,9528469471
20B81AMC141A05,Bhavya Goud,MCA,MCA-CORE,1,A,bhavya.goud11@bvc.edu.in,9616912319
20B81AMC141B01,Anita Yadav,MCA,MCA-CORE,1,B,anita.yadav47@bvc.edu.in,9433693360
20B81AMC141B02,Ravi Patil,MCA,MCA-CORE,1,B,ravi.patil50@bvc.edu.in,9318205849
20B81AMC141B03,Bhavya Murthy,MCA,MCA-CORE,1,B,bhavya.murthy14@bvc.edu.in,9877742783
20B81AMC141B04,Mahesh Yadav,MCA,MCA-CORE,1,B,mahesh.yadav65@bvc.edu.in,9194491013
20B81AMC141B05,Omkar Das,MCA,MCA-CORE,1,B,omkar.das76@bvc.edu.in,9446173234
20B81AMC141C01,Charan Yadav,MCA,MCA-CORE,1,C,charan.yadav26@bvc.edu.in,9890507834
20B81AMC141C02,Mahesh Murthy,MCA,MCA-CORE,1,C,mahesh.murthy80@bvc.edu.in,9905347715
20B81AMC141C03,Mahesh Naidu,MCA,MCA-CORE,1,C,mahesh.naidu78@bvc.edu.in,9817679137
20B81AMC141C04,Farooq Chowdary,MCA,MCA-CORE,1,C,farooq.chowdary93@bvc.edu.in,9439583759
20B81AMC141C05,Kiran Sharma,MCA,MCA-CORE,1,C,kiran.sharma27@bvc.edu.in,9361359711
20B81AMC142A01,Karthik Reddy,MCA,MCA-CORE,2,A,karthik.reddy62@bvc.edu.in,9960789579
20B81AMC142A02,Suresh Nair,MCA,MCA-CORE,2,A,suresh.nair76@bvc.edu.in,9291215121
20B81AMC142A03,Rahul Murthy,MCA,MCA-CORE,2,A,rahul.murthy14@bvc.edu.in,9426783247
20B81AMC142A04,Suresh Naidu,MCA,MCA-CORE,2,A,suresh.naidu65@bvc.edu.in,9326660237
20B81AMC142A05,Suresh Rao,MCA,MCA-CORE,2,A,suresh.rao92@bvc.edu.in,9788346249
20B81AMC142B01,Kiran Das,MCA,MCA-CORE,2,B,kiran.das84@bvc.edu.in,9281963337
20B81AMC142B02,Jaya Murthy,MCA,MCA-CORE,2,B,jaya.murthy13@bvc.edu.in,9705591985
20B81AMC142B03,Dinesh Chowdary,MCA,MCA-CORE,2,B,dinesh.chowdary64@bvc.edu.in,9420725730
20B81AMC142B04,Hari Rao,MCA,MCA-CORE,2,B,hari.rao43@bvc.edu.in,9221648057
20B81AMC142B05,Priya Sharma,MCA,MCA-CORE,2,B,priya.sharma80@bvc.edu.in,9174063922
20B81AMC142C01,Farooq Goud,MCA,MCA-CORE,2,C,farooq.goud76@bvc.edu.in,9244958427
20B81AMC142C02,Vamshi Chowdary,MCA,MCA-CORE,2,C,vamshi.chowdary38@bvc.edu.in,9538335759
20B81AMC142C03,Teja Nair,MCA,MCA-CORE,2,C,teja.nair57@bvc.edu.in,9495351390
20B81AMC142C04,Omkar Goud,MCA,MCA-CORE,2,C,omkar.goud66@bvc.edu.in,9905617125
20B81AMC142C05,Hari Patil,MCA,MCA-CORE,2,C,hari.patil84@bvc.edu.in,9743963325
20B81AMC143A01,Charan Nair,MCA,MCA-CORE,3,A,charan.nair31@bvc.edu.in,9809391325
20B81AMC143A02,Suresh Das,MCA,MCA-CORE,3,A,suresh.das84@bvc.edu.in,9353324269
20B81AMC143A03,Dinesh Murthy,MCA,MCA-CORE,3,A,dinesh.murthy4@bvc.edu.in,9534374702
20B81AMC143A04,Bhavya Goud,MCA,MCA-CORE,3,A,bhavya.goud99@bvc.edu.in,9952285811
20B81AMC143A05,Omkar Sharma,MCA,MCA-CORE,3,A,omkar.sharma41@bvc.edu.in,9646285180
20B81AMC143B01,Dinesh Rao,MCA,MCA-CORE,3,B,dinesh.rao28@bvc.edu.in,9104555039
20B81AMC143B02,Teja Singh,MCA,MCA-CORE,3,B,teja.singh86@bvc.edu.in,9382955703
20B81AMC143B03,Zahir Murthy,MCA,MCA-CORE,3,B,zahir.murthy97@bvc.edu.in,9422148805
20B81AMC143B04,Omkar Reddy,MCA,MCA-CORE,3,B,omkar.reddy28@bvc.edu.in,9352215411
20B81AMC143B05,Anita Das,MCA,MCA-CORE,3,B,anita.das70@bvc.edu.in,9680469064
20B81AMC143C01,Karthik Reddy,MCA,MCA-CORE,3,C,karthik.reddy13@bvc.edu.in,9427365587
20B81AMC143C02,Teja Rao,MCA,MCA-CORE,3,C,teja.rao65@bvc.edu.in,9710675511
20B81AMC143C03,Jaya Naidu,MCA,MCA-CORE,3,C,jaya.naidu77@bvc.edu.in,9875453925
20B81AMC143C04,Suresh Patil,MCA,MCA-CORE,3,C,suresh.patil20@bvc.edu.in,9322613297
20B81AMC143C05,Qasim Kumar,MCA,MCA-CORE,3,C,qasim.kumar3@bvc.edu.in,9993318387
20B81AMC144A01,Farooq Reddy,MCA,MCA-CORE,4,A,farooq.reddy50@bvc.edu.in,9217556462
20B81AMC144A02,Lakshmi Singh,MCA,MCA-CORE,4,A,lakshmi.singh37@bvc.edu.in,9872389101
20B81AMC144A03,Prashanth Kumar,MCA,MCA-CORE,4,A,prashanth.kumar62@bvc.edu.in,9873016542
20B81AMC144A04,Hari Naidu,MCA,MCA-CORE,4,A,hari.naidu42@bvc.edu.in,9660505574
20B81AMC144A05,Ganesh Goud,MCA,MCA-CORE,4,A,ganesh.goud40@bvc.edu.in,9969053962
20B81AMC144B01,Farooq Nair,MCA,MCA-CORE,4,B,farooq.nair82@bvc.edu.in,9142671063
20B81AMC144B02,Teja Chowdary,MCA,MCA-CORE,4,B,teja.chowdary77@bvc.edu.in,9715525027
20B81AMC144B03,Suresh Murthy,MCA,MCA-CORE,4,B,suresh.murthy34@bvc.edu.in,9872086777
20B81AMC144B04,Uday Singh,MCA,MCA-CORE,4,B,uday.singh8@bvc.edu.in,9584109477
20B81AMC144B05,Hari Singh,MCA,MCA-CORE,4,B,hari.singh67@bvc.edu.in,9853436246
20B81AMC144C01,Bhavya Singh,MCA,MCA-CORE,4,C,bhavya.singh23@bvc.edu.in,9490200210
20B81AMC144C02,Rahul Rao,MCA,MCA-CORE,4,C,rahul.rao54@bvc.edu.in,9299718784
20B81AMC144C03,Kiran Patil,MCA,MCA-CORE,4,C,kiran.patil81@bvc.edu.in,9304433111
20B81AMC144C04,Ravi Naidu,MCA,MCA-CORE,4,C,ravi.naidu89@bvc.edu.in,9956585164
20B81AMC144C05,Uday Rao,MCA,MCA-CORE,4,C,uday.rao74@bvc.edu.in,9566816642
